Algorithm , Instance , K , Model Solution Cost , Deterministic Cost , Model Recourse Cost , Recourse Cost , Upper Bound , Lower Bound , Gap (%) , Root Lower Bound , Root Gap (%) , Node Count , CVRPSEP Cuts , Gendreau Cuts , Scenario Cuts , Partial Route Cuts , Elementary Route Cuts , Root Time (s) , Time (s) , Solved
VRP-PARTIAL_ROUTE-NODE , ../../data/Jabali/SVRP/k2/60_2_0.90_1_0.svrp , 2 , 691.281 , 687.347 , 3.93436 , 3.93436 , 691.281 , 691.281 , 0 , 683.274 , 1.15829 , 1210 , 385 , 0 , 0 , 680 , 524 , 0.047 , 4.184 , 1
VRP-PARTIAL_ROUTE-NODE-IMPROVPARTIAL , ../../data/Jabali/SVRP/k2/60_2_0.90_1_0.svrp , 2 , 691.281 , 687.347 , 3.93436 , 3.93436 , 691.281 , 691.281 , 0 , 683.274 , 1.15829 , 1195 , 369 , 0 , 0 , 2547 , 1597 , 0.051 , 4.422 , 1
VRP-SCEN_CUTS-PARTIAL_ROUTE-NODE , ../../data/Jabali/SVRP/k2/60_2_0.90_1_0.svrp , 2 , 691.281 , 687.347 , 3.93436 , 3.93436 , 691.281 , 691.281 , 0 , 683.825 , 1.07857 , 565 , 298 , 0 , 6 , 335 , 209 , 0.292 , 2.743 , 1
VRP-SCEN_CUTS-PARTIAL_ROUTE-NODE-IMPROVPARTIAL , ../../data/Jabali/SVRP/k2/60_2_0.90_1_0.svrp , 2 , 691.281 , 687.347 , 3.93436 , 3.93436 , 691.281 , 691.281 , 0 , 683.825 , 1.07857 , 788 , 422 , 0 , 6 , 2092 , 1467 , 0.299 , 4.554 , 1
VRP-PARTIAL_ROUTE-NODE , ../../data/Jabali/SVRP/k2/60_2_0.90_1_1.svrp , 2 , 658.165 , 652.688 , 5.47671 , 5.47671 , 658.165 , 658.165 , 0 , 644.598 , 2.06125 , 3440 , 786 , 0 , 0 , 1906 , 1104 , 0.04 , 14.298 , 1
VRP-PARTIAL_ROUTE-NODE-IMPROVPARTIAL , ../../data/Jabali/SVRP/k2/60_2_0.90_1_1.svrp , 2 , 658.165 , 652.688 , 5.47671 , 5.47671 , 658.165 , 658.165 , 0 , 644.598 , 2.06125 , 3875 , 753 , 0 , 0 , 6405 , 2035 , 0.043 , 18.446 , 1
VRP-SCEN_CUTS-PARTIAL_ROUTE-NODE , ../../data/Jabali/SVRP/k2/60_2_0.90_1_1.svrp , 2 , 658.165 , 652.688 , 5.47671 , 5.47671 , 658.165 , 658.165 , 0 , 647.479 , 1.62355 , 2054 , 668 , 0 , 16 , 760 , 457 , 0.303 , 7.65 , 1
VRP-SCEN_CUTS-PARTIAL_ROUTE-NODE-IMPROVPARTIAL , ../../data/Jabali/SVRP/k2/60_2_0.90_1_1.svrp , 2 , 658.165 , 652.688 , 5.47671 , 5.47671 , 658.165 , 658.165 , 0 , 647.479 , 1.62355 , 2200 , 623 , 0 , 16 , 3032 , 847 , 0.307 , 9.441 , 1
VRP-PARTIAL_ROUTE-NODE , ../../data/Jabali/SVRP/k2/60_2_0.90_1_2.svrp , 2 , 714.795 , 712.267 , 2.52809 , 2.52809 , 714.795 , 714.795 , 0 , 693.338 , 3.00182 , 4711 , 1282 , 0 , 0 , 449 , 295 , 0.021 , 22.896 , 1
VRP-PARTIAL_ROUTE-NODE-IMPROVPARTIAL , ../../data/Jabali/SVRP/k2/60_2_0.90_1_2.svrp , 2 , 714.795 , 712.267 , 2.52809 , 2.52809 , 714.795 , 714.795 , 0 , 693.338 , 3.00182 , 6482 , 1314 , 0 , 0 , 9975 , 879 , 0.023 , 36.991 , 1
VRP-SCEN_CUTS-PARTIAL_ROUTE-NODE , ../../data/Jabali/SVRP/k2/60_2_0.90_1_2.svrp , 2 , 714.795 , 712.267 , 2.52809 , 2.52809 , 714.795 , 714.795 , 0 , 694.84 , 2.79168 , 5170 , 1262 , 0 , 2 , 1089 , 709 , 0.082 , 37.221 , 1
VRP-SCEN_CUTS-PARTIAL_ROUTE-NODE-IMPROVPARTIAL , ../../data/Jabali/SVRP/k2/60_2_0.90_1_2.svrp , 2 , 714.795 , 712.267 , 2.52809 , 2.52809 , 714.795 , 714.795 , 0 , 694.84 , 2.79168 , 4989 , 1480 , 0 , 2 , 8620 , 2291 , 0.084 , 50.109 , 1
VRP-PARTIAL_ROUTE-NODE , ../../data/Jabali/SVRP/k2/60_2_0.90_1_3.svrp , 2 , 715.573 , 711.028 , 4.5446 , 4.5446 , 715.573 , 715.573 , 0 , 703.294 , 1.71593 , 786 , 485 , 0 , 0 , 220 , 127 , 0.025 , 3.095 , 1
VRP-PARTIAL_ROUTE-NODE-IMPROVPARTIAL , ../../data/Jabali/SVRP/k2/60_2_0.90_1_3.svrp , 2 , 715.573 , 711.028 , 4.5446 , 4.5446 , 715.573 , 715.573 , 0 , 703.294 , 1.71593 , 835 , 496 , 0 , 0 , 1616 , 487 , 0.029 , 6.159 , 1
VRP-SCEN_CUTS-PARTIAL_ROUTE-NODE , ../../data/Jabali/SVRP/k2/60_2_0.90_1_3.svrp , 2 , 715.573 , 711.028 , 4.5446 , 4.5446 , 715.573 , 715.573 , 0 , 705.456 , 1.41383 , 358 , 346 , 0 , 7 , 95 , 75 , 0.277 , 1.768 , 1
VRP-SCEN_CUTS-PARTIAL_ROUTE-NODE-IMPROVPARTIAL , ../../data/Jabali/SVRP/k2/60_2_0.90_1_3.svrp , 2 , 715.573 , 711.028 , 4.5446 , 4.5446 , 715.573 , 715.573 , 0 , 705.456 , 1.41383 , 358 , 346 , 0 , 7 , 458 , 136 , 0.278 , 2.067 , 1
VRP-PARTIAL_ROUTE-NODE , ../../data/Jabali/SVRP/k2/60_2_0.90_1_4.svrp , 2 , 735.797 , 730.041 , 5.75615 , 5.75615 , 735.797 , 735.797 , 0 , 718.979 , 2.28569 , 1653 , 516 , 0 , 0 , 555 , 358 , 0.02 , 4.488 , 1
VRP-PARTIAL_ROUTE-NODE-IMPROVPARTIAL , ../../data/Jabali/SVRP/k2/60_2_0.90_1_4.svrp , 2 , 735.797 , 730.041 , 5.75615 , 5.75615 , 735.797 , 735.797 , 0 , 719.053 , 2.27558 , 1891 , 569 , 0 , 0 , 3880 , 1930 , 0.03 , 6.71 , 1
VRP-SCEN_CUTS-PARTIAL_ROUTE-NODE , ../../data/Jabali/SVRP/k2/60_2_0.90_1_4.svrp , 2 , 735.797 , 730.041 , 5.75615 , 5.75615 , 735.797 , 735.797 , 0 , 723.004 , 1.73869 , 1192 , 630 , 0 , 13 , 362 , 259 , 0.41 , 7.159 , 1
VRP-SCEN_CUTS-PARTIAL_ROUTE-NODE-IMPROVPARTIAL , ../../data/Jabali/SVRP/k2/60_2_0.90_1_4.svrp , 2 , 735.797 , 730.041 , 5.75615 , 5.75615 , 735.797 , 735.797 , 0 , 723.004 , 1.73869 , 1116 , 571 , 0 , 13 , 2131 , 823 , 0.411 , 8.296 , 1
VRP-PARTIAL_ROUTE-NODE , ../../data/Jabali/SVRP/k2/60_2_0.90_1_5.svrp , 2 , 667.409 , 662.761 , 4.64832 , 4.64832 , 667.409 , 667.409 , 0 , 655.538 , 1.77869 , 260 , 211 , 0 , 0 , 132 , 76 , 0.026 , 0.883 , 1
VRP-PARTIAL_ROUTE-NODE-IMPROVPARTIAL , ../../data/Jabali/SVRP/k2/60_2_0.90_1_5.svrp , 2 , 667.409 , 662.761 , 4.64832 , 4.64832 , 667.409 , 667.409 , 0 , 655.538 , 1.77869 , 256 , 204 , 0 , 0 , 802 , 389 , 0.028 , 1.198 , 1
VRP-SCEN_CUTS-PARTIAL_ROUTE-NODE , ../../data/Jabali/SVRP/k2/60_2_0.90_1_5.svrp , 2 , 667.409 , 662.761 , 4.64832 , 4.64832 , 667.409 , 667.409 , 0 , 656.051 , 1.70193 , 151 , 171 , 0 , 2 , 55 , 23 , 0.07 , 0.529 , 1
VRP-SCEN_CUTS-PARTIAL_ROUTE-NODE-IMPROVPARTIAL , ../../data/Jabali/SVRP/k2/60_2_0.90_1_5.svrp , 2 , 667.409 , 662.761 , 4.64832 , 4.64832 , 667.409 , 667.409 , 0 , 656.051 , 1.70193 , 145 , 178 , 0 , 2 , 385 , 223 , 0.075 , 0.704 , 1
VRP-PARTIAL_ROUTE-NODE , ../../data/Jabali/SVRP/k2/60_2_0.90_1_6.svrp , 2 , 645.611 , 642.786 , 2.82539 , 2.82539 , 645.611 , 645.611 , 0 , 638.373 , 1.12122 , 129 , 163 , 0 , 0 , 76 , 50 , 0.038 , 0.478 , 1
VRP-PARTIAL_ROUTE-NODE-IMPROVPARTIAL , ../../data/Jabali/SVRP/k2/60_2_0.90_1_6.svrp , 2 , 645.611 , 642.786 , 2.82539 , 2.82539 , 645.611 , 645.611 , 0 , 638.523 , 1.09786 , 119 , 189 , 0 , 0 , 221 , 75 , 0.072 , 0.673 , 1
VRP-SCEN_CUTS-PARTIAL_ROUTE-NODE , ../../data/Jabali/SVRP/k2/60_2_0.90_1_6.svrp , 2 , 645.611 , 642.786 , 2.82539 , 2.82539 , 645.611 , 645.611 , 0 , 639.387 , 0.964111 , 135 , 123 , 0 , 3 , 74 , 47 , 0.134 , 0.503 , 1
VRP-SCEN_CUTS-PARTIAL_ROUTE-NODE-IMPROVPARTIAL , ../../data/Jabali/SVRP/k2/60_2_0.90_1_6.svrp , 2 , 645.611 , 642.786 , 2.82539 , 2.82539 , 645.611 , 645.611 , 0 , 639.387 , 0.964111 , 135 , 123 , 0 , 3 , 169 , 84 , 0.138 , 0.588 , 1
VRP-PARTIAL_ROUTE-NODE , ../../data/Jabali/SVRP/k2/60_2_0.90_1_7.svrp , 2 , 674.696 , 669.174 , 5.52134 , 5.52134 , 674.696 , 674.696 , 0 , 661.537 , 1.95028 , 462 , 185 , 0 , 0 , 259 , 148 , 0.022 , 1.099 , 1
VRP-PARTIAL_ROUTE-NODE-IMPROVPARTIAL , ../../data/Jabali/SVRP/k2/60_2_0.90_1_7.svrp , 2 , 674.696 , 669.174 , 5.52134 , 5.52134 , 674.696 , 674.696 , 0 , 661.587 , 1.94283 , 557 , 195 , 0 , 0 , 1398 , 1005 , 0.034 , 1.89 , 1
VRP-SCEN_CUTS-PARTIAL_ROUTE-NODE , ../../data/Jabali/SVRP/k2/60_2_0.90_1_7.svrp , 2 , 674.696 , 669.174 , 5.52134 , 5.52134 , 674.696 , 674.696 , 0 , 663.628 , 1.64036 , 693 , 339 , 0 , 5 , 283 , 164 , 0.144 , 2.669 , 1
VRP-SCEN_CUTS-PARTIAL_ROUTE-NODE-IMPROVPARTIAL , ../../data/Jabali/SVRP/k2/60_2_0.90_1_7.svrp , 2 , 674.696 , 669.174 , 5.52134 , 5.52134 , 674.696 , 674.696 , 0 , 663.628 , 1.64036 , 859 , 347 , 0 , 5 , 1617 , 572 , 0.139 , 4.449 , 1
VRP-PARTIAL_ROUTE-NODE , ../../data/Jabali/SVRP/k2/60_2_0.90_1_8.svrp , 2 , 612.515 , 607.975 , 4.54058 , 4.54058 , 612.515 , 612.515 , 0 , 602.68 , 1.60577 , 1901 , 366 , 0 , 0 , 1535 , 866 , 0.042 , 8.338 , 1
VRP-PARTIAL_ROUTE-NODE-IMPROVPARTIAL , ../../data/Jabali/SVRP/k2/60_2_0.90_1_8.svrp , 2 , 612.515 , 607.975 , 4.54058 , 4.54058 , 612.515 , 612.515 , 0 , 602.68 , 1.60577 , 2083 , 363 , 0 , 0 , 4857 , 2781 , 0.046 , 9.21 , 1
VRP-SCEN_CUTS-PARTIAL_ROUTE-NODE , ../../data/Jabali/SVRP/k2/60_2_0.90_1_8.svrp , 2 , 612.515 , 607.975 , 4.54058 , 4.54058 , 612.515 , 612.515 , 0 , 605.964 , 1.06959 , 717 , 380 , 0 , 12 , 467 , 368 , 0.274 , 3.814 , 1
VRP-SCEN_CUTS-PARTIAL_ROUTE-NODE-IMPROVPARTIAL , ../../data/Jabali/SVRP/k2/60_2_0.90_1_8.svrp , 2 , 612.515 , 607.975 , 4.54058 , 4.54058 , 612.515 , 612.515 , 0 , 605.964 , 1.06959 , 847 , 342 , 0 , 12 , 2358 , 1190 , 0.278 , 4.589 , 1
VRP-PARTIAL_ROUTE-NODE , ../../data/Jabali/SVRP/k2/60_2_0.90_1_9.svrp , 2 , 677.742 , 672.994 , 4.7473 , 4.7473 , 677.742 , 677.742 , 0 , 661.442 , 2.40505 , 982 , 690 , 0 , 0 , 332 , 223 , 0.015 , 8.487 , 1
VRP-PARTIAL_ROUTE-NODE-IMPROVPARTIAL , ../../data/Jabali/SVRP/k2/60_2_0.90_1_9.svrp , 2 , 677.742 , 672.994 , 4.7473 , 4.7473 , 677.742 , 677.742 , 0 , 661.442 , 2.40505 , 1405 , 643 , 0 , 0 , 2384 , 662 , 0.017 , 9.088 , 1
VRP-SCEN_CUTS-PARTIAL_ROUTE-NODE , ../../data/Jabali/SVRP/k2/60_2_0.90_1_9.svrp , 2 , 677.742 , 672.994 , 4.7473 , 4.7473 , 677.742 , 677.742 , 0 , 663.913 , 2.04037 , 899 , 581 , 0 , 11 , 216 , 148 , 0.307 , 5.893 , 1
VRP-SCEN_CUTS-PARTIAL_ROUTE-NODE-IMPROVPARTIAL , ../../data/Jabali/SVRP/k2/60_2_0.90_1_9.svrp , 2 , 677.742 , 672.994 , 4.7473 , 4.7473 , 677.742 , 677.742 , 0 , 663.913 , 2.04037 , 1068 , 622 , 0 , 11 , 1638 , 379 , 0.31 , 8.079 , 1
VRP-PARTIAL_ROUTE-NODE , ../../data/Jabali/SVRP/k2/60_2_0.93_1_0.svrp , 2 , 715.893 , 710.979 , 4.91447 , 4.91447 , 715.893 , 715.893 , 0 , 706.391 , 1.3273 , 378 , 331 , 0 , 0 , 235 , 174 , 0.02 , 1.488 , 1
VRP-PARTIAL_ROUTE-NODE-IMPROVPARTIAL , ../../data/Jabali/SVRP/k2/60_2_0.93_1_0.svrp , 2 , 715.893 , 710.979 , 4.91447 , 4.91447 , 715.893 , 715.893 , 0 , 706.391 , 1.3273 , 380 , 359 , 0 , 0 , 1092 , 795 , 0.022 , 1.791 , 1
VRP-SCEN_CUTS-PARTIAL_ROUTE-NODE , ../../data/Jabali/SVRP/k2/60_2_0.93_1_0.svrp , 2 , 715.893 , 710.979 , 4.91447 , 4.91447 , 715.893 , 715.893 , 0 , 707.363 , 1.19151 , 418 , 368 , 0 , 8 , 192 , 143 , 0.144 , 1.763 , 1
VRP-SCEN_CUTS-PARTIAL_ROUTE-NODE-IMPROVPARTIAL , ../../data/Jabali/SVRP/k2/60_2_0.93_1_0.svrp , 2 , 715.893 , 710.979 , 4.91447 , 4.91447 , 715.893 , 715.893 , 0 , 707.363 , 1.19151 , 404 , 300 , 0 , 8 , 981 , 463 , 0.146 , 1.709 , 1
VRP-PARTIAL_ROUTE-NODE , ../../data/Jabali/SVRP/k2/60_2_0.93_1_1.svrp , 2 , 667.106 , 658.832 , 8.27383 , 8.27383 , 667.106 , 667.106 , 0 , 650.406 , 2.50341 , 1146 , 393 , 0 , 0 , 311 , 169 , 0.024 , 3.877 , 1
VRP-PARTIAL_ROUTE-NODE-IMPROVPARTIAL , ../../data/Jabali/SVRP/k2/60_2_0.93_1_1.svrp , 2 , 667.106 , 658.832 , 8.27383 , 8.27383 , 667.106 , 667.106 , 0 , 650.406 , 2.50341 , 1274 , 486 , 0 , 0 , 1554 , 216 , 0.025 , 5.544 , 1
VRP-SCEN_CUTS-PARTIAL_ROUTE-NODE , ../../data/Jabali/SVRP/k2/60_2_0.93_1_1.svrp , 2 , 667.106 , 658.832 , 8.27383 , 8.27383 , 667.106 , 667.106 , 0 , 654.688 , 1.86153 , 1147 , 462 , 0 , 14 , 276 , 180 , 0.253 , 5.026 , 1
VRP-SCEN_CUTS-PARTIAL_ROUTE-NODE-IMPROVPARTIAL , ../../data/Jabali/SVRP/k2/60_2_0.93_1_1.svrp , 2 , 667.106 , 658.832 , 8.27383 , 8.27383 , 667.106 , 667.106 , 0 , 654.688 , 1.86153 , 775 , 460 , 0 , 14 , 1108 , 93 , 0.262 , 4.553 , 1
VRP-PARTIAL_ROUTE-NODE , ../../data/Jabali/SVRP/k2/60_2_0.93_1_2.svrp , 2 , 687.992 , 682.983 , 5.00863 , 5.00863 , 687.992 , 687.992 , 0 , 676.685 , 1.64349 , 726 , 480 , 0 , 0 , 475 , 392 , 0.025 , 3.432 , 1
VRP-PARTIAL_ROUTE-NODE-IMPROVPARTIAL , ../../data/Jabali/SVRP/k2/60_2_0.93_1_2.svrp , 2 , 687.992 , 682.983 , 5.00863 , 5.00863 , 687.992 , 687.992 , 0 , 676.685 , 1.64349 , 570 , 409 , 0 , 0 , 1447 , 899 , 0.027 , 3.108 , 1
VRP-SCEN_CUTS-PARTIAL_ROUTE-NODE , ../../data/Jabali/SVRP/k2/60_2_0.93_1_2.svrp , 2 , 687.992 , 682.983 , 5.00863 , 5.00863 , 687.992 , 687.992 , 0 , 679.02 , 1.30407 , 805 , 539 , 0 , 8 , 509 , 405 , 0.115 , 6.234 , 1
VRP-SCEN_CUTS-PARTIAL_ROUTE-NODE-IMPROVPARTIAL , ../../data/Jabali/SVRP/k2/60_2_0.93_1_2.svrp , 2 , 687.992 , 682.983 , 5.00863 , 5.00863 , 687.992 , 687.992 , 0 , 679.02 , 1.30407 , 1046 , 544 , 0 , 8 , 3033 , 1491 , 0.117 , 7.676 , 1
VRP-PARTIAL_ROUTE-NODE , ../../data/Jabali/SVRP/k2/60_2_0.93_1_3.svrp , 2 , 701.234 , 695.365 , 5.86927 , 5.86927 , 701.234 , 701.234 , 0 , 684.782 , 2.3462 , 2775 , 734 , 0 , 0 , 594 , 339 , 0.042 , 10.599 , 1
VRP-PARTIAL_ROUTE-NODE-IMPROVPARTIAL , ../../data/Jabali/SVRP/k2/60_2_0.93_1_3.svrp , 2 , 701.234 , 695.365 , 5.86927 , 5.86927 , 701.234 , 701.234 , 0 , 684.782 , 2.3462 , 1954 , 647 , 0 , 0 , 4148 , 1962 , 0.044 , 10.519 , 1
VRP-SCEN_CUTS-PARTIAL_ROUTE-NODE , ../../data/Jabali/SVRP/k2/60_2_0.93_1_3.svrp , 2 , 701.234 , 695.365 , 5.86927 , 5.86927 , 701.234 , 701.234 , 0 , 686.107 , 2.15719 , 1463 , 548 , 0 , 8 , 371 , 236 , 0.258 , 6.534 , 1
VRP-SCEN_CUTS-PARTIAL_ROUTE-NODE-IMPROVPARTIAL , ../../data/Jabali/SVRP/k2/60_2_0.93_1_3.svrp , 2 , 701.234 , 695.365 , 5.86927 , 5.86927 , 701.234 , 701.234 , 0 , 686.107 , 2.15719 , 1315 , 431 , 0 , 8 , 1660 , 652 , 0.259 , 4.904 , 1
VRP-PARTIAL_ROUTE-NODE , ../../data/Jabali/SVRP/k2/60_2_0.93_1_4.svrp , 2 , 640.849 , 636.54 , 4.30965 , 4.30965 , 640.849 , 640.849 , 0 , 634.47 , 0.995465 , 186 , 218 , 0 , 0 , 184 , 148 , 0.056 , 0.869 , 1
VRP-PARTIAL_ROUTE-NODE-IMPROVPARTIAL , ../../data/Jabali/SVRP/k2/60_2_0.93_1_4.svrp , 2 , 640.849 , 636.54 , 4.30965 , 4.30965 , 640.849 , 640.849 , 0 , 634.47 , 0.995465 , 208 , 202 , 0 , 0 , 862 , 615 , 0.059 , 1.114 , 1
VRP-SCEN_CUTS-PARTIAL_ROUTE-NODE , ../../data/Jabali/SVRP/k2/60_2_0.93_1_4.svrp , 2 , 640.849 , 636.54 , 4.30965 , 4.30965 , 640.849 , 640.849 , 0 , 634.936 , 0.922746 , 142 , 174 , 0 , 3 , 109 , 92 , 0.121 , 0.561 , 1
VRP-SCEN_CUTS-PARTIAL_ROUTE-NODE-IMPROVPARTIAL , ../../data/Jabali/SVRP/k2/60_2_0.93_1_4.svrp , 2 , 640.849 , 636.54 , 4.30965 , 4.30965 , 640.849 , 640.849 , 0 , 634.936 , 0.922746 , 152 , 185 , 0 , 3 , 279 , 125 , 0.119 , 0.695 , 1
VRP-PARTIAL_ROUTE-NODE , ../../data/Jabali/SVRP/k2/60_2_0.93_1_5.svrp , 2 , 671.476 , 657.752 , 13.7243 , 13.7243 , 671.476 , 671.476 , 0 , 650.792 , 3.08035 , 2048 , 391 , 0 , 0 , 907 , 464 , 0.028 , 7.695 , 1
VRP-PARTIAL_ROUTE-NODE-IMPROVPARTIAL , ../../data/Jabali/SVRP/k2/60_2_0.93_1_5.svrp , 2 , 671.476 , 657.752 , 13.7243 , 13.7243 , 671.476 , 671.476 , 0 , 650.792 , 3.08035 , 1679 , 390 , 0 , 0 , 3293 , 1188 , 0.03 , 6.901 , 1
VRP-SCEN_CUTS-PARTIAL_ROUTE-NODE , ../../data/Jabali/SVRP/k2/60_2_0.93_1_5.svrp , 2 , 671.476 , 657.752 , 13.7243 , 13.7243 , 671.476 , 671.476 , 0 , 655.985 , 2.307 , 1030 , 403 , 0 , 16 , 472 , 289 , 0.293 , 5.209 , 1
VRP-SCEN_CUTS-PARTIAL_ROUTE-NODE-IMPROVPARTIAL , ../../data/Jabali/SVRP/k2/60_2_0.93_1_5.svrp , 2 , 671.476 , 657.752 , 13.7243 , 13.7243 , 671.476 , 671.476 , 0 , 655.985 , 2.307 , 1237 , 374 , 0 , 16 , 3200 , 1445 , 0.295 , 6.619 , 1
VRP-PARTIAL_ROUTE-NODE , ../../data/Jabali/SVRP/k2/60_2_0.93_1_6.svrp , 2 , 675.489 , 670.767 , 4.72157 , 4.72157 , 675.489 , 675.489 , 0 , 656.992 , 2.73823 , 4546 , 1120 , 0 , 0 , 2486 , 1749 , 0.074 , 37.056 , 1
VRP-PARTIAL_ROUTE-NODE-IMPROVPARTIAL , ../../data/Jabali/SVRP/k2/60_2_0.93_1_6.svrp , 2 , 675.489 , 670.767 , 4.72157 , 4.72157 , 675.489 , 675.489 , 0 , 656.992 , 2.73823 , 5674 , 1241 , 0 , 0 , 13010 , 7238 , 0.076 , 53.674 , 1
VRP-SCEN_CUTS-PARTIAL_ROUTE-NODE , ../../data/Jabali/SVRP/k2/60_2_0.93_1_6.svrp , 2 , 675.489 , 670.767 , 4.72157 , 4.72157 , 675.489 , 675.489 , 0 , 659.834 , 2.31759 , 2173 , 820 , 0 , 11 , 1248 , 883 , 0.274 , 13.708 , 1
VRP-SCEN_CUTS-PARTIAL_ROUTE-NODE-IMPROVPARTIAL , ../../data/Jabali/SVRP/k2/60_2_0.93_1_6.svrp , 2 , 675.489 , 670.767 , 4.72157 , 4.72157 , 675.489 , 675.489 , 0 , 659.834 , 2.31759 , 2266 , 787 , 0 , 11 , 4978 , 2505 , 0.278 , 17.336 , 1
VRP-PARTIAL_ROUTE-NODE , ../../data/Jabali/SVRP/k2/60_2_0.93_1_7.svrp , 2 , 618.762 , 609.018 , 9.74461 , 9.74461 , 618.762 , 618.762 , 0 , 609.14 , 1.55506 , 1739 , 376 , 0 , 0 , 414 , 252 , 0.076 , 4.11 , 1
VRP-PARTIAL_ROUTE-NODE-IMPROVPARTIAL , ../../data/Jabali/SVRP/k2/60_2_0.93_1_7.svrp , 2 , 618.762 , 609.018 , 9.74461 , 9.74461 , 618.762 , 618.762 , 0 , 609.14 , 1.55506 , 2097 , 402 , 0 , 0 , 2812 , 838 , 0.079 , 6.969 , 1
VRP-SCEN_CUTS-PARTIAL_ROUTE-NODE , ../../data/Jabali/SVRP/k2/60_2_0.93_1_7.svrp , 2 , 618.762 , 609.018 , 9.74461 , 9.74461 , 618.762 , 618.762 , 0 , 611.351 , 1.19785 , 916 , 468 , 0 , 15 , 417 , 254 , 0.247 , 5.109 , 1
VRP-SCEN_CUTS-PARTIAL_ROUTE-NODE-IMPROVPARTIAL , ../../data/Jabali/SVRP/k2/60_2_0.93_1_7.svrp , 2 , 618.762 , 609.018 , 9.74461 , 9.74461 , 618.762 , 618.762 , 0 , 611.351 , 1.19785 , 706 , 453 , 0 , 15 , 1283 , 342 , 0.248 , 4.639 , 1
VRP-PARTIAL_ROUTE-NODE , ../../data/Jabali/SVRP/k2/60_2_0.93_1_8.svrp , 2 , 613.969 , 609.343 , 4.6259 , 4.6259 , 613.969 , 613.969 , 0 , 609.291 , 0.761838 , 208 , 160 , 0 , 0 , 136 , 115 , 0.036 , 0.629 , 1
VRP-PARTIAL_ROUTE-NODE-IMPROVPARTIAL , ../../data/Jabali/SVRP/k2/60_2_0.93_1_8.svrp , 2 , 613.969 , 609.343 , 4.6259 , 4.6259 , 613.969 , 613.969 , 0 , 609.291 , 0.761838 , 206 , 162 , 0 , 0 , 528 , 378 , 0.039 , 0.759 , 1
VRP-SCEN_CUTS-PARTIAL_ROUTE-NODE , ../../data/Jabali/SVRP/k2/60_2_0.93_1_8.svrp , 2 , 613.969 , 609.343 , 4.6259 , 4.6259 , 613.969 , 613.969 , 0 , 610.96 , 0.489968 , 121 , 155 , 0 , 6 , 107 , 87 , 0.166 , 0.569 , 1
VRP-SCEN_CUTS-PARTIAL_ROUTE-NODE-IMPROVPARTIAL , ../../data/Jabali/SVRP/k2/60_2_0.93_1_8.svrp , 2 , 613.969 , 609.343 , 4.6259 , 4.6259 , 613.969 , 613.969 , 0 , 610.96 , 0.489968 , 141 , 164 , 0 , 6 , 461 , 362 , 0.166 , 0.706 , 1
VRP-PARTIAL_ROUTE-NODE , ../../data/Jabali/SVRP/k2/60_2_0.93_1_9.svrp , 2 , 667.869 , 664.187 , 3.68177 , 3.68177 , 667.869 , 667.869 , 0 , 655.065 , 1.91709 , 958 , 482 , 0 , 0 , 635 , 495 , 0.052 , 4.841 , 1
VRP-PARTIAL_ROUTE-NODE-IMPROVPARTIAL , ../../data/Jabali/SVRP/k2/60_2_0.93_1_9.svrp , 2 , 667.869 , 664.187 , 3.68177 , 3.68177 , 667.869 , 667.869 , 0 , 655.065 , 1.91709 , 857 , 485 , 0 , 0 , 1690 , 515 , 0.058 , 5.42 , 1
VRP-SCEN_CUTS-PARTIAL_ROUTE-NODE , ../../data/Jabali/SVRP/k2/60_2_0.93_1_9.svrp , 2 , 667.869 , 664.187 , 3.68177 , 3.68177 , 667.869 , 667.869 , 0 , 655.385 , 1.86917 , 1701 , 881 , 0 , 2 , 921 , 696 , 0.124 , 14.99 , 1
VRP-SCEN_CUTS-PARTIAL_ROUTE-NODE-IMPROVPARTIAL , ../../data/Jabali/SVRP/k2/60_2_0.93_1_9.svrp , 2 , 667.869 , 664.187 , 3.68177 , 3.68177 , 667.869 , 667.869 , 0 , 655.385 , 1.86917 , 1099 , 659 , 0 , 2 , 2488 , 997 , 0.126 , 11.959 , 1
VRP-PARTIAL_ROUTE-NODE , ../../data/Jabali/SVRP/k2/60_2_0.95_1_0.svrp , 2 , 694.91 , 675.688 , 19.2217 , 19.2217 , 694.91 , 694.91 , 0 , 674.474 , 2.9407 , 5617 , 1256 , 0 , 0 , 2133 , 1118 , 0.045 , 25.945 , 1
VRP-PARTIAL_ROUTE-NODE-IMPROVPARTIAL , ../../data/Jabali/SVRP/k2/60_2_0.95_1_0.svrp , 2 , 694.91 , 675.688 , 19.2217 , 19.2217 , 694.91 , 694.91 , 0 , 674.474 , 2.9407 , 6347 , 1302 , 0 , 0 , 8071 , 1667 , 0.049 , 46.196 , 1
VRP-SCEN_CUTS-PARTIAL_ROUTE-NODE , ../../data/Jabali/SVRP/k2/60_2_0.95_1_0.svrp , 2 , 694.91 , 675.688 , 19.2217 , 19.2217 , 694.91 , 694.91 , 0 , 681.18 , 1.97574 , 1599 , 489 , 0 , 23 , 390 , 256 , 0.317 , 5.355 , 1
VRP-SCEN_CUTS-PARTIAL_ROUTE-NODE-IMPROVPARTIAL , ../../data/Jabali/SVRP/k2/60_2_0.95_1_0.svrp , 2 , 694.91 , 675.688 , 19.2217 , 19.2217 , 694.91 , 694.91 , 0 , 681.18 , 1.97574 , 614 , 344 , 0 , 23 , 721 , 240 , 0.317 , 2.46 , 1
VRP-PARTIAL_ROUTE-NODE , ../../data/Jabali/SVRP/k2/60_2_0.95_1_1.svrp , 2 , 691.645 , 682.616 , 9.02955 , 9.02955 , 691.645 , 691.645 , 0 , 678.238 , 1.93839 , 2026 , 806 , 0 , 0 , 1290 , 982 , 0.047 , 6.9 , 1
VRP-PARTIAL_ROUTE-NODE-IMPROVPARTIAL , ../../data/Jabali/SVRP/k2/60_2_0.95_1_1.svrp , 2 , 691.645 , 682.616 , 9.02955 , 9.02955 , 691.645 , 691.645 , 0 , 678.238 , 1.93839 , 2067 , 807 , 0 , 0 , 4978 , 2595 , 0.049 , 8.617 , 1
VRP-SCEN_CUTS-PARTIAL_ROUTE-NODE , ../../data/Jabali/SVRP/k2/60_2_0.95_1_1.svrp , 2 , 691.645 , 682.616 , 9.02955 , 9.02955 , 691.645 , 691.645 , 0 , 679.61 , 1.74005 , 1926 , 976 , 0 , 14 , 908 , 664 , 0.212 , 11.884 , 1
VRP-SCEN_CUTS-PARTIAL_ROUTE-NODE-IMPROVPARTIAL , ../../data/Jabali/SVRP/k2/60_2_0.95_1_1.svrp , 2 , 691.645 , 682.616 , 9.02955 , 9.02955 , 691.645 , 691.645 , 0 , 679.61 , 1.74005 , 1895 , 1295 , 0 , 14 , 4505 , 1503 , 0.213 , 26.048 , 1
VRP-PARTIAL_ROUTE-NODE , ../../data/Jabali/SVRP/k2/60_2_0.95_1_2.svrp , 2 , 656.331 , 644.375 , 11.9559 , 11.9559 , 656.331 , 656.331 , 0 , 641.608 , 2.24315 , 3368 , 562 , 0 , 0 , 1388 , 793 , 0.021 , 11.502 , 1
VRP-PARTIAL_ROUTE-NODE-IMPROVPARTIAL , ../../data/Jabali/SVRP/k2/60_2_0.95_1_2.svrp , 2 , 656.331 , 644.375 , 11.9559 , 11.9559 , 656.331 , 656.331 , 0 , 641.608 , 2.24315 , 2920 , 610 , 0 , 0 , 6183 , 1596 , 0.023 , 14.377 , 1
VRP-SCEN_CUTS-PARTIAL_ROUTE-NODE , ../../data/Jabali/SVRP/k2/60_2_0.95_1_2.svrp , 2 , 656.331 , 644.375 , 11.9559 , 11.9559 , 656.331 , 656.331 , 0 , 643.98 , 1.88188 , 2097 , 440 , 0 , 2 , 866 , 483 , 0.126 , 7.053 , 1
VRP-SCEN_CUTS-PARTIAL_ROUTE-NODE-IMPROVPARTIAL , ../../data/Jabali/SVRP/k2/60_2_0.95_1_2.svrp , 2 , 656.331 , 644.375 , 11.9559 , 11.9559 , 656.331 , 656.331 , 0 , 643.98 , 1.88188 , 2032 , 444 , 0 , 2 , 4349 , 702 , 0.128 , 9.795 , 1
VRP-PARTIAL_ROUTE-NODE , ../../data/Jabali/SVRP/k2/60_2_0.95_1_3.svrp , 2 , 676.354 , 666.623 , 9.73093 , 9.73093 , 676.354 , 676.354 , 0 , 667.079 , 1.37128 , 991 , 284 , 0 , 0 , 401 , 216 , 0.052 , 1.708 , 1
VRP-PARTIAL_ROUTE-NODE-IMPROVPARTIAL , ../../data/Jabali/SVRP/k2/60_2_0.95_1_3.svrp , 2 , 676.354 , 666.623 , 9.73093 , 9.73093 , 676.354 , 676.354 , 0 , 667.079 , 1.37128 , 1064 , 255 , 0 , 0 , 1367 , 336 , 0.053 , 2.504 , 1
VRP-SCEN_CUTS-PARTIAL_ROUTE-NODE , ../../data/Jabali/SVRP/k2/60_2_0.95_1_3.svrp , 2 , 676.354 , 666.623 , 9.73093 , 9.73093 , 676.354 , 676.354 , 0 , 670.781 , 0.823957 , 582 , 390 , 0 , 19 , 195 , 143 , 0.733 , 2.975 , 1
VRP-SCEN_CUTS-PARTIAL_ROUTE-NODE-IMPROVPARTIAL , ../../data/Jabali/SVRP/k2/60_2_0.95_1_3.svrp , 2 , 676.354 , 666.623 , 9.73093 , 9.73093 , 676.354 , 676.354 , 0 , 670.781 , 0.823957 , 444 , 384 , 0 , 19 , 742 , 154 , 0.72 , 2.927 , 1
VRP-PARTIAL_ROUTE-NODE , ../../data/Jabali/SVRP/k2/60_2_0.95_1_4.svrp , 2 , 715.031 , 700.197 , 14.8345 , 14.8345 , 715.031 , 715.031 , 6.60475e-05 , 691.714 , 3.26106 , 50471 , 4426 , 0 , 0 , 21775 , 13374 , 0.022 , 1511.14 , 1
VRP-PARTIAL_ROUTE-NODE-IMPROVPARTIAL , ../../data/Jabali/SVRP/k2/60_2_0.95_1_4.svrp , 2 , 715.031 , 700.197 , 14.8345 , 14.8345 , 715.031 , 713.487 , 0.21601 , 691.714 , 3.26106 , 50177 , 4696 , 0 , 0 , 105318 , 23763 , 0.026 , 1800.02 , 0
VRP-SCEN_CUTS-PARTIAL_ROUTE-NODE , ../../data/Jabali/SVRP/k2/60_2_0.95_1_4.svrp , 2 , 715.031 , 700.197 , 14.8345 , 14.8345 , 715.031 , 715.031 , 0 , 694.971 , 2.80551 , 24211 , 2465 , 0 , 10 , 7885 , 5355 , 0.28 , 278.292 , 1
VRP-SCEN_CUTS-PARTIAL_ROUTE-NODE-IMPROVPARTIAL , ../../data/Jabali/SVRP/k2/60_2_0.95_1_4.svrp , 2 , 715.031 , 700.197 , 14.8345 , 14.8345 , 715.031 , 715.031 , 6.27875e-05 , 694.971 , 2.80551 , 19019 , 2487 , 0 , 10 , 36783 , 11466 , 0.284 , 277.244 , 1
VRP-PARTIAL_ROUTE-NODE , ../../data/Jabali/SVRP/k2/60_2_0.95_1_5.svrp , 2 , 693.326 , 678.24 , 15.0862 , 15.0862 , 693.326 , 693.326 , 0 , 671.335 , 3.17174 , 2592 , 863 , 0 , 0 , 1116 , 548 , 0.059 , 13.329 , 1
VRP-PARTIAL_ROUTE-NODE-IMPROVPARTIAL , ../../data/Jabali/SVRP/k2/60_2_0.95_1_5.svrp , 2 , 693.326 , 678.24 , 15.0862 , 15.0862 , 693.326 , 693.326 , 0 , 671.335 , 3.17174 , 2102 , 761 , 0 , 0 , 2710 , 748 , 0.062 , 10.97 , 1
VRP-SCEN_CUTS-PARTIAL_ROUTE-NODE , ../../data/Jabali/SVRP/k2/60_2_0.95_1_5.svrp , 2 , 693.326 , 678.24 , 15.0862 , 15.0862 , 693.326 , 693.326 , 0 , 676.495 , 2.4276 , 1808 , 809 , 0 , 12 , 691 , 375 , 0.226 , 12.43 , 1
VRP-SCEN_CUTS-PARTIAL_ROUTE-NODE-IMPROVPARTIAL , ../../data/Jabali/SVRP/k2/60_2_0.95_1_5.svrp , 2 , 693.326 , 678.24 , 15.0862 , 15.0862 , 693.326 , 693.326 , 0 , 676.495 , 2.4276 , 1170 , 640 , 0 , 12 , 1689 , 210 , 0.23 , 6.864 , 1
VRP-PARTIAL_ROUTE-NODE , ../../data/Jabali/SVRP/k2/60_2_0.95_1_6.svrp , 2 , 674.263 , 661.162 , 13.1005 , 13.1005 , 674.263 , 674.263 , 0 , 643.384 , 4.57963 , 18307 , 1786 , 0 , 0 , 6029 , 3367 , 0.034 , 220.9 , 1
VRP-PARTIAL_ROUTE-NODE-IMPROVPARTIAL , ../../data/Jabali/SVRP/k2/60_2_0.95_1_6.svrp , 2 , 674.263 , 661.162 , 13.1005 , 13.1005 , 674.263 , 674.263 , 0 , 643.384 , 4.57963 , 15215 , 1787 , 0 , 0 , 20297 , 4205 , 0.037 , 176.585 , 1
VRP-SCEN_CUTS-PARTIAL_ROUTE-NODE , ../../data/Jabali/SVRP/k2/60_2_0.95_1_6.svrp , 2 , 674.263 , 661.162 , 13.1005 , 13.1005 , 674.263 , 674.263 , 0 , 649.46 , 3.67853 , 4127 , 1044 , 0 , 16 , 1788 , 1214 , 0.417 , 25.057 , 1
VRP-SCEN_CUTS-PARTIAL_ROUTE-NODE-IMPROVPARTIAL , ../../data/Jabali/SVRP/k2/60_2_0.95_1_6.svrp , 2 , 674.263 , 661.162 , 13.1005 , 13.1005 , 674.263 , 674.263 , 0 , 649.46 , 3.67853 , 4850 , 1014 , 0 , 16 , 7566 , 2364 , 0.418 , 33.685 , 1
VRP-PARTIAL_ROUTE-NODE , ../../data/Jabali/SVRP/k2/60_2_0.95_1_7.svrp , 2 , 655.309 , 638.252 , 17.0577 , 17.0577 , 655.309 , 655.309 , 0 , 632.174 , 3.53045 , 36939 , 2510 , 0 , 0 , 17231 , 9962 , 0.054 , 769.402 , 1
VRP-PARTIAL_ROUTE-NODE-IMPROVPARTIAL , ../../data/Jabali/SVRP/k2/60_2_0.95_1_7.svrp , 2 , 655.309 , 638.252 , 17.0577 , 17.0577 , 655.309 , 655.309 , 0 , 632.174 , 3.53045 , 27342 , 2428 , 0 , 0 , 53906 , 16308 , 0.057 , 537.29 , 1
VRP-SCEN_CUTS-PARTIAL_ROUTE-NODE , ../../data/Jabali/SVRP/k2/60_2_0.95_1_7.svrp , 2 , 655.309 , 638.252 , 17.0577 , 17.0577 , 655.309 , 655.309 , 0 , 640.439 , 2.26913 , 24967 , 1706 , 0 , 17 , 5000 , 3174 , 0.534 , 199.931 , 1
VRP-SCEN_CUTS-PARTIAL_ROUTE-NODE-IMPROVPARTIAL , ../../data/Jabali/SVRP/k2/60_2_0.95_1_7.svrp , 2 , 655.309 , 638.252 , 17.0577 , 17.0577 , 655.309 , 655.309 , 0 , 640.439 , 2.26913 , 20393 , 1624 , 0 , 17 , 29215 , 7060 , 0.533 , 180.872 , 1
VRP-PARTIAL_ROUTE-NODE , ../../data/Jabali/SVRP/k2/60_2_0.95_1_8.svrp , 2 , 702.131 , 688.934 , 13.1965 , 13.1965 , 702.131 , 702.13 , 8.51138e-05 , 679.032 , 3.28982 , 8624 , 1991 , 0 , 0 , 2770 , 1589 , 0.042 , 99.985 , 1
VRP-PARTIAL_ROUTE-NODE-IMPROVPARTIAL , ../../data/Jabali/SVRP/k2/60_2_0.95_1_8.svrp , 2 , 702.131 , 688.934 , 13.1965 , 13.1965 , 702.131 , 702.13 , 8.51138e-05 , 679.032 , 3.28982 , 8417 , 2134 , 0 , 0 , 13094 , 2446 , 0.044 , 124.398 , 1
VRP-SCEN_CUTS-PARTIAL_ROUTE-NODE , ../../data/Jabali/SVRP/k2/60_2_0.95_1_8.svrp , 2 , 702.131 , 688.934 , 13.1965 , 13.1965 , 702.131 , 702.131 , 0 , 684.449 , 2.51833 , 4078 , 1257 , 0 , 10 , 1162 , 735 , 0.198 , 31.731 , 1
VRP-SCEN_CUTS-PARTIAL_ROUTE-NODE-IMPROVPARTIAL , ../../data/Jabali/SVRP/k2/60_2_0.95_1_8.svrp , 2 , 702.131 , 688.934 , 13.1965 , 13.1965 , 702.131 , 702.131 , 0 , 684.449 , 2.51833 , 4308 , 1249 , 0 , 10 , 7348 , 893 , 0.201 , 37.682 , 1
VRP-PARTIAL_ROUTE-NODE , ../../data/Jabali/SVRP/k2/60_2_0.95_1_9.svrp , 2 , 639.984 , 633.101 , 6.88263 , 6.88263 , 639.984 , 639.984 , 1.57035e-05 , 627.918 , 1.88531 , 12931 , 791 , 0 , 0 , 5113 , 3041 , 0.068 , 69.135 , 1
VRP-PARTIAL_ROUTE-NODE-IMPROVPARTIAL , ../../data/Jabali/SVRP/k2/60_2_0.95_1_9.svrp , 2 , 639.984 , 633.101 , 6.88263 , 6.88263 , 639.984 , 639.984 , 0 , 627.918 , 1.88531 , 13629 , 627 , 0 , 0 , 31654 , 17128 , 0.059 , 74.042 , 1
VRP-SCEN_CUTS-PARTIAL_ROUTE-NODE , ../../data/Jabali/SVRP/k2/60_2_0.95_1_9.svrp , 2 , 639.984 , 633.101 , 6.88263 , 6.88263 , 639.984 , 639.984 , 0 , 630.009 , 1.55858 , 1051 , 327 , 0 , 9 , 604 , 452 , 0.432 , 3.499 , 1
VRP-SCEN_CUTS-PARTIAL_ROUTE-NODE-IMPROVPARTIAL , ../../data/Jabali/SVRP/k2/60_2_0.95_1_9.svrp , 2 , 639.984 , 633.101 , 6.88263 , 6.88263 , 639.984 , 639.984 , 0 , 630.009 , 1.55858 , 928 , 359 , 0 , 9 , 2256 , 1332 , 0.433 , 4.391 , 1
VRP-PARTIAL_ROUTE-NODE , ../../data/Jabali/SVRP/k2/70_2_0.90_1_0.svrp , 2 , 702.864 , 694.259 , 8.60498 , 8.60498 , 702.864 , 702.864 , 0 , 694.419 , 1.20147 , 463 , 265 , 0 , 0 , 313 , 200 , 0.05 , 2.648 , 1
VRP-PARTIAL_ROUTE-NODE-IMPROVPARTIAL , ../../data/Jabali/SVRP/k2/70_2_0.90_1_0.svrp , 2 , 702.864 , 694.259 , 8.60498 , 8.60498 , 702.864 , 702.864 , 0 , 694.456 , 1.19633 , 667 , 285 , 0 , 0 , 1221 , 568 , 0.071 , 3.699 , 1
VRP-SCEN_CUTS-PARTIAL_ROUTE-NODE , ../../data/Jabali/SVRP/k2/70_2_0.90_1_0.svrp , 2 , 702.864 , 694.259 , 8.60498 , 8.60498 , 702.864 , 702.864 , 0 , 697.305 , 0.790854 , 353 , 302 , 0 , 4 , 138 , 71 , 0.165 , 2.194 , 1
VRP-SCEN_CUTS-PARTIAL_ROUTE-NODE-IMPROVPARTIAL , ../../data/Jabali/SVRP/k2/70_2_0.90_1_0.svrp , 2 , 702.864 , 694.259 , 8.60498 , 8.60498 , 702.864 , 702.864 , 0 , 697.305 , 0.790854 , 344 , 300 , 0 , 4 , 676 , 387 , 0.17 , 2.24 , 1
VRP-PARTIAL_ROUTE-NODE , ../../data/Jabali/SVRP/k2/70_2_0.90_1_1.svrp , 2 , 749.319 , 744.355 , 4.96399 , 4.96399 , 749.319 , 749.319 , 0 , 734.433 , 1.98665 , 1563 , 879 , 0 , 0 , 717 , 567 , 0.055 , 15.179 , 1
VRP-PARTIAL_ROUTE-NODE-IMPROVPARTIAL , ../../data/Jabali/SVRP/k2/70_2_0.90_1_1.svrp , 2 , 749.319 , 744.355 , 4.96399 , 4.96399 , 749.319 , 749.319 , 7.05326e-05 , 734.433 , 1.98665 , 986 , 648 , 0 , 0 , 2267 , 486 , 0.059 , 14.272 , 1
VRP-SCEN_CUTS-PARTIAL_ROUTE-NODE , ../../data/Jabali/SVRP/k2/70_2_0.90_1_1.svrp , 2 , 749.319 , 744.355 , 4.96399 , 4.96399 , 749.319 , 749.319 , 0 , 734.454 , 1.98389 , 2282 , 952 , 0 , 1 , 928 , 668 , 0.104 , 22.886 , 1
VRP-SCEN_CUTS-PARTIAL_ROUTE-NODE-IMPROVPARTIAL , ../../data/Jabali/SVRP/k2/70_2_0.90_1_1.svrp , 2 , 749.319 , 744.355 , 4.96399 , 4.96399 , 749.319 , 749.319 , 0 , 734.454 , 1.98389 , 1621 , 866 , 0 , 1 , 3610 , 1029 , 0.113 , 20.32 , 1
VRP-PARTIAL_ROUTE-NODE , ../../data/Jabali/SVRP/k2/70_2_0.90_1_2.svrp , 2 , 642.463 , 640.663 , 1.8 , 1.8 , 642.463 , 642.463 , 0 , 638.134 , 0.673824 , 210 , 257 , 0 , 0 , 44 , 32 , 0.059 , 1.08 , 1
VRP-PARTIAL_ROUTE-NODE-IMPROVPARTIAL , ../../data/Jabali/SVRP/k2/70_2_0.90_1_2.svrp , 2 , 642.463 , 640.663 , 1.8 , 1.8 , 642.463 , 642.463 , 0 , 638.134 , 0.673824 , 229 , 254 , 0 , 0 , 513 , 220 , 0.061 , 1.328 , 1
VRP-SCEN_CUTS-PARTIAL_ROUTE-NODE , ../../data/Jabali/SVRP/k2/70_2_0.90_1_2.svrp , 2 , 642.463 , 640.663 , 1.8 , 1.8 , 642.463 , 642.463 , 0 , 640.076 , 0.37159 , 76 , 203 , 0 , 3 , 31 , 15 , 0.269 , 0.847 , 1
VRP-SCEN_CUTS-PARTIAL_ROUTE-NODE-IMPROVPARTIAL , ../../data/Jabali/SVRP/k2/70_2_0.90_1_2.svrp , 2 , 642.463 , 640.663 , 1.8 , 1.8 , 642.463 , 642.463 , 0 , 640.076 , 0.37159 , 76 , 203 , 0 , 3 , 121 , 57 , 0.27 , 0.889 , 1
VRP-PARTIAL_ROUTE-NODE , ../../data/Jabali/SVRP/k2/70_2_0.90_1_3.svrp , 2 , 717.948 , 715.399 , 2.54912 , 2.54911 , 717.948 , 717.948 , 0 , 707.391 , 1.47046 , 1444 , 518 , 0 , 0 , 1565 , 1172 , 0.039 , 10.238 , 1
VRP-PARTIAL_ROUTE-NODE-IMPROVPARTIAL , ../../data/Jabali/SVRP/k2/70_2_0.90_1_3.svrp , 2 , 717.948 , 715.399 , 2.54912 , 2.54911 , 717.948 , 717.948 , 0 , 707.391 , 1.47046 , 1450 , 533 , 0 , 0 , 3535 , 1657 , 0.046 , 12.621 , 1
VRP-SCEN_CUTS-PARTIAL_ROUTE-NODE , ../../data/Jabali/SVRP/k2/70_2_0.90_1_3.svrp , 2 , 717.948 , 715.399 , 2.54912 , 2.54911 , 717.948 , 717.948 , 0 , 708.52 , 1.31319 , 691 , 363 , 0 , 14 , 479 , 294 , 0.524 , 4.234 , 1
VRP-SCEN_CUTS-PARTIAL_ROUTE-NODE-IMPROVPARTIAL , ../../data/Jabali/SVRP/k2/70_2_0.90_1_3.svrp , 2 , 717.948 , 715.399 , 2.54912 , 2.54911 , 717.948 , 717.948 , 0 , 708.52 , 1.31319 , 671 , 332 , 0 , 14 , 1260 , 397 , 0.531 , 4.567 , 1
VRP-PARTIAL_ROUTE-NODE , ../../data/Jabali/SVRP/k2/70_2_0.90_1_4.svrp , 2 , 705.576 , 703.125 , 2.45162 , 2.45162 , 705.576 , 705.576 , 0 , 691.648 , 1.97401 , 882 , 512 , 0 , 0 , 465 , 303 , 0.04 , 4.145 , 1
VRP-PARTIAL_ROUTE-NODE-IMPROVPARTIAL , ../../data/Jabali/SVRP/k2/70_2_0.90_1_4.svrp , 2 , 705.576 , 703.125 , 2.45162 , 2.45162 , 705.576 , 705.576 , 0 , 691.648 , 1.97401 , 883 , 516 , 0 , 0 , 1326 , 457 , 0.043 , 4.999 , 1
VRP-SCEN_CUTS-PARTIAL_ROUTE-NODE , ../../data/Jabali/SVRP/k2/70_2_0.90_1_4.svrp , 2 , 705.576 , 703.125 , 2.45162 , 2.45162 , 705.576 , 705.576 , 0 , 694.599 , 1.55585 , 802 , 551 , 0 , 14 , 353 , 245 , 0.469 , 6.573 , 1
VRP-SCEN_CUTS-PARTIAL_ROUTE-NODE-IMPROVPARTIAL , ../../data/Jabali/SVRP/k2/70_2_0.90_1_4.svrp , 2 , 705.576 , 703.125 , 2.45162 , 2.45162 , 705.576 , 705.576 , 0 , 694.599 , 1.55585 , 786 , 633 , 0 , 14 , 1543 , 383 , 0.468 , 8.96 , 1
VRP-PARTIAL_ROUTE-NODE , ../../data/Jabali/SVRP/k2/70_2_0.90_1_5.svrp , 2 , 726.085 , 723.978 , 2.10717 , 2.10717 , 726.085 , 726.085 , 0 , 720.775 , 0.731442 , 53 , 125 , 0 , 0 , 26 , 11 , 0.042 , 0.41 , 1
VRP-PARTIAL_ROUTE-NODE-IMPROVPARTIAL , ../../data/Jabali/SVRP/k2/70_2_0.90_1_5.svrp , 2 , 726.085 , 723.978 , 2.10717 , 2.10717 , 726.085 , 726.085 , 0 , 720.775 , 0.731442 , 53 , 125 , 0 , 0 , 40 , 11 , 0.048 , 0.433 , 1
VRP-SCEN_CUTS-PARTIAL_ROUTE-NODE , ../../data/Jabali/SVRP/k2/70_2_0.90_1_5.svrp , 2 , 726.085 , 723.978 , 2.10717 , 2.10717 , 726.085 , 726.085 , 0 , 722.487 , 0.495631 , 40 , 161 , 0 , 7 , 18 , 9 , 0.384 , 0.905 , 1
VRP-SCEN_CUTS-PARTIAL_ROUTE-NODE-IMPROVPARTIAL , ../../data/Jabali/SVRP/k2/70_2_0.90_1_5.svrp , 2 , 726.085 , 723.978 , 2.10717 , 2.10717 , 726.085 , 726.085 , 0 , 722.487 , 0.495631 , 40 , 161 , 0 , 7 , 42 , 9 , 0.39 , 0.97 , 1
VRP-PARTIAL_ROUTE-NODE , ../../data/Jabali/SVRP/k2/70_2_0.90_1_6.svrp , 2 , 681.726 , 672.313 , 9.41302 , 9.41302 , 681.726 , 681.726 , 0 , 672.325 , 1.37902 , 835 , 221 , 0 , 0 , 406 , 255 , 0.059 , 1.943 , 1
VRP-PARTIAL_ROUTE-NODE-IMPROVPARTIAL , ../../data/Jabali/SVRP/k2/70_2_0.90_1_6.svrp , 2 , 681.726 , 672.313 , 9.41302 , 9.41302 , 681.726 , 681.726 , 0 , 672.325 , 1.37902 , 744 , 228 , 0 , 0 , 1445 , 806 , 0.059 , 2.392 , 1
VRP-SCEN_CUTS-PARTIAL_ROUTE-NODE , ../../data/Jabali/SVRP/k2/70_2_0.90_1_6.svrp , 2 , 681.726 , 672.313 , 9.41302 , 9.41302 , 681.726 , 681.726 , 0 , 679.31 , 0.354437 , 113 , 213 , 0 , 2 , 70 , 50 , 0.168 , 0.788 , 1
VRP-SCEN_CUTS-PARTIAL_ROUTE-NODE-IMPROVPARTIAL , ../../data/Jabali/SVRP/k2/70_2_0.90_1_6.svrp , 2 , 681.726 , 672.313 , 9.41302 , 9.41302 , 681.726 , 681.726 , 0 , 679.31 , 0.354437 , 113 , 213 , 0 , 2 , 313 , 213 , 0.17 , 0.955 , 1
VRP-PARTIAL_ROUTE-NODE , ../../data/Jabali/SVRP/k2/70_2_0.90_1_7.svrp , 2 , 699.712 , 696.8 , 2.91139 , 2.91139 , 699.712 , 699.712 , 0 , 681.429 , 2.61289 , 828 , 556 , 0 , 0 , 234 , 167 , 0.077 , 4.825 , 1
VRP-PARTIAL_ROUTE-NODE-IMPROVPARTIAL , ../../data/Jabali/SVRP/k2/70_2_0.90_1_7.svrp , 2 , 699.712 , 696.8 , 2.91139 , 2.91139 , 699.712 , 699.712 , 0 , 681.429 , 2.61289 , 828 , 556 , 0 , 0 , 2098 , 572 , 0.082 , 5.858 , 1
VRP-SCEN_CUTS-PARTIAL_ROUTE-NODE , ../../data/Jabali/SVRP/k2/70_2_0.90_1_7.svrp , 2 , 699.712 , 696.8 , 2.91139 , 2.91139 , 699.712 , 699.712 , 0 , 681.84 , 2.55417 , 595 , 456 , 0 , 4 , 147 , 101 , 0.134 , 2.817 , 1
VRP-SCEN_CUTS-PARTIAL_ROUTE-NODE-IMPROVPARTIAL , ../../data/Jabali/SVRP/k2/70_2_0.90_1_7.svrp , 2 , 699.712 , 696.8 , 2.91139 , 2.91139 , 699.712 , 699.712 , 0 , 681.84 , 2.55417 , 627 , 480 , 0 , 4 , 1228 , 221 , 0.139 , 3.599 , 1
VRP-PARTIAL_ROUTE-NODE , ../../data/Jabali/SVRP/k2/70_2_0.90_1_8.svrp , 2 , 720.599 , 719.815 , 0.783401 , 0.783401 , 720.599 , 720.599 , 0 , 713.754 , 0.949944 , 362 , 346 , 0 , 0 , 153 , 123 , 0.13 , 1.721 , 1
VRP-PARTIAL_ROUTE-NODE-IMPROVPARTIAL , ../../data/Jabali/SVRP/k2/70_2_0.90_1_8.svrp , 2 , 720.599 , 719.815 , 0.783401 , 0.783401 , 720.599 , 720.599 , 0 , 713.754 , 0.949944 , 617 , 363 , 0 , 0 , 1329 , 457 , 0.129 , 3.117 , 1
VRP-SCEN_CUTS-PARTIAL_ROUTE-NODE , ../../data/Jabali/SVRP/k2/70_2_0.90_1_8.svrp , 2 , 720.599 , 719.815 , 0.783401 , 0.783401 , 720.599 , 720.599 , 0 , 717.734 , 0.397624 , 641 , 621 , 0 , 9 , 322 , 259 , 0.268 , 7.353 , 1
VRP-SCEN_CUTS-PARTIAL_ROUTE-NODE-IMPROVPARTIAL , ../../data/Jabali/SVRP/k2/70_2_0.90_1_8.svrp , 2 , 720.599 , 719.815 , 0.783401 , 0.783401 , 720.599 , 720.599 , 0 , 717.734 , 0.397624 , 339 , 435 , 0 , 9 , 667 , 164 , 0.276 , 3.263 , 1
VRP-PARTIAL_ROUTE-NODE , ../../data/Jabali/SVRP/k2/70_2_0.90_1_9.svrp , 2 , 769.875 , 767.385 , 2.48994 , 2.48994 , 769.875 , 769.875 , 0 , 767.166 , 0.351898 , 47 , 129 , 0 , 0 , 66 , 47 , 0.048 , 0.458 , 1
VRP-PARTIAL_ROUTE-NODE-IMPROVPARTIAL , ../../data/Jabali/SVRP/k2/70_2_0.90_1_9.svrp , 2 , 769.875 , 767.385 , 2.48994 , 2.48994 , 769.875 , 769.875 , 0 , 767.166 , 0.351898 , 47 , 129 , 0 , 0 , 136 , 97 , 0.05 , 0.477 , 1
VRP-SCEN_CUTS-PARTIAL_ROUTE-NODE , ../../data/Jabali/SVRP/k2/70_2_0.90_1_9.svrp , 2 , 769.875 , 767.385 , 2.48994 , 2.48994 , 769.875 , 769.875 , 0 , 768.386 , 0.19333 , 63 , 133 , 0 , 6 , 93 , 74 , 0.149 , 0.567 , 1
VRP-SCEN_CUTS-PARTIAL_ROUTE-NODE-IMPROVPARTIAL , ../../data/Jabali/SVRP/k2/70_2_0.90_1_9.svrp , 2 , 769.875 , 767.385 , 2.48994 , 2.48994 , 769.875 , 769.875 , 0 , 768.386 , 0.19333 , 61 , 133 , 0 , 6 , 204 , 128 , 0.151 , 0.679 , 1
VRP-PARTIAL_ROUTE-NODE , ../../data/Jabali/SVRP/k2/70_2_0.93_1_0.svrp , 2 , 717.028 , 705.969 , 11.0587 , 11.0587 , 717.028 , 717.028 , 2.29642e-05 , 700.465 , 2.30997 , 12885 , 1110 , 0 , 0 , 6237 , 2873 , 0.046 , 153.484 , 1
VRP-PARTIAL_ROUTE-NODE-IMPROVPARTIAL , ../../data/Jabali/SVRP/k2/70_2_0.93_1_0.svrp , 2 , 717.028 , 705.969 , 11.0587 , 11.0587 , 717.028 , 717.028 , 0 , 700.465 , 2.30997 , 8732 , 877 , 0 , 0 , 12862 , 2997 , 0.049 , 83.864 , 1
VRP-SCEN_CUTS-PARTIAL_ROUTE-NODE , ../../data/Jabali/SVRP/k2/70_2_0.93_1_0.svrp , 2 , 717.028 , 705.969 , 11.0587 , 11.0587 , 717.028 , 717.028 , 0 , 704.377 , 1.76437 , 1780 , 606 , 0 , 11 , 873 , 458 , 0.202 , 11.641 , 1
VRP-SCEN_CUTS-PARTIAL_ROUTE-NODE-IMPROVPARTIAL , ../../data/Jabali/SVRP/k2/70_2_0.93_1_0.svrp , 2 , 717.028 , 705.969 , 11.0587 , 11.0587 , 717.028 , 717.028 , 0 , 704.377 , 1.76437 , 1691 , 579 , 0 , 11 , 3652 , 717 , 0.208 , 12.863 , 1
VRP-PARTIAL_ROUTE-NODE , ../../data/Jabali/SVRP/k2/70_2_0.93_1_1.svrp , 2 , 697.5 , 692.252 , 5.24761 , 5.24761 , 697.5 , 697.5 , 0 , 692.532 , 0.712202 , 186 , 178 , 0 , 0 , 239 , 165 , 0.104 , 1.032 , 1
VRP-PARTIAL_ROUTE-NODE-IMPROVPARTIAL , ../../data/Jabali/SVRP/k2/70_2_0.93_1_1.svrp , 2 , 697.5 , 692.252 , 5.24761 , 5.24761 , 697.5 , 697.5 , 0 , 692.532 , 0.712202 , 186 , 178 , 0 , 0 , 369 , 219 , 0.109 , 1.098 , 1
VRP-SCEN_CUTS-PARTIAL_ROUTE-NODE , ../../data/Jabali/SVRP/k2/70_2_0.93_1_1.svrp , 2 , 697.5 , 692.252 , 5.24761 , 5.24761 , 697.5 , 697.5 , 0 , 694.275 , 0.462348 , 169 , 202 , 0 , 2 , 91 , 56 , 0.217 , 0.897 , 1
VRP-SCEN_CUTS-PARTIAL_ROUTE-NODE-IMPROVPARTIAL , ../../data/Jabali/SVRP/k2/70_2_0.93_1_1.svrp , 2 , 697.5 , 692.252 , 5.24761 , 5.24761 , 697.5 , 697.5 , 0 , 694.275 , 0.462348 , 169 , 202 , 0 , 2 , 317 , 186 , 0.217 , 0.949 , 1
VRP-PARTIAL_ROUTE-NODE , ../../data/Jabali/SVRP/k2/70_2_0.93_1_2.svrp , 2 , 729.601 , 719.257 , 10.3433 , 10.3433 , 729.601 , 729.601 , 3.1838e-05 , 714.499 , 2.06986 , 11474 , 874 , 0 , 0 , 6248 , 2947 , 0.055 , 100.114 , 1
VRP-PARTIAL_ROUTE-NODE-IMPROVPARTIAL , ../../data/Jabali/SVRP/k2/70_2_0.93_1_2.svrp , 2 , 729.601 , 719.257 , 10.3433 , 10.3433 , 729.601 , 729.601 , 3.1838e-05 , 714.499 , 2.06986 , 7204 , 1001 , 0 , 0 , 12504 , 3837 , 0.066 , 70.441 , 1
VRP-SCEN_CUTS-PARTIAL_ROUTE-NODE , ../../data/Jabali/SVRP/k2/70_2_0.93_1_2.svrp , 2 , 729.601 , 719.257 , 10.3433 , 10.3433 , 729.601 , 729.601 , 0 , 715.71 , 1.90384 , 6409 , 784 , 0 , 20 , 3166 , 1620 , 0.562 , 34.117 , 1
VRP-SCEN_CUTS-PARTIAL_ROUTE-NODE-IMPROVPARTIAL , ../../data/Jabali/SVRP/k2/70_2_0.93_1_2.svrp , 2 , 729.601 , 719.257 , 10.3433 , 10.3433 , 729.601 , 729.601 , 0 , 715.71 , 1.90384 , 6560 , 853 , 0 , 20 , 10853 , 2752 , 0.564 , 46.028 , 1
VRP-PARTIAL_ROUTE-NODE , ../../data/Jabali/SVRP/k2/70_2_0.93_1_3.svrp , 2 , 769.18 , 764.106 , 5.07453 , 5.07453 , 769.18 , 769.18 , 0 , 763.206 , 0.776787 , 832 , 291 , 0 , 0 , 215 , 172 , 0.069 , 2.361 , 1
VRP-PARTIAL_ROUTE-NODE-IMPROVPARTIAL , ../../data/Jabali/SVRP/k2/70_2_0.93_1_3.svrp , 2 , 769.18 , 764.106 , 5.07453 , 5.07453 , 769.18 , 769.18 , 0 , 763.206 , 0.776787 , 834 , 306 , 0 , 0 , 1807 , 1104 , 0.069 , 3.231 , 1
VRP-SCEN_CUTS-PARTIAL_ROUTE-NODE , ../../data/Jabali/SVRP/k2/70_2_0.93_1_3.svrp , 2 , 769.18 , 764.106 , 5.07453 , 5.07453 , 769.18 , 769.18 , 0 , 764.068 , 0.664648 , 434 , 286 , 0 , 8 , 227 , 180 , 0.336 , 2.308 , 1
VRP-SCEN_CUTS-PARTIAL_ROUTE-NODE-IMPROVPARTIAL , ../../data/Jabali/SVRP/k2/70_2_0.93_1_3.svrp , 2 , 769.18 , 764.106 , 5.07453 , 5.07453 , 769.18 , 769.18 , 0 , 764.068 , 0.664648 , 399 , 241 , 0 , 8 , 1148 , 736 , 0.337 , 2.381 , 1
VRP-PARTIAL_ROUTE-NODE , ../../data/Jabali/SVRP/k2/70_2_0.93_1_4.svrp , 2 , 699.445 , 695.645 , 3.79989 , 3.79989 , 699.445 , 699.445 , 0 , 690.688 , 1.25196 , 1040 , 805 , 0 , 0 , 701 , 576 , 0.042 , 9.227 , 1
VRP-PARTIAL_ROUTE-NODE-IMPROVPARTIAL , ../../data/Jabali/SVRP/k2/70_2_0.93_1_4.svrp , 2 , 699.445 , 695.645 , 3.79989 , 3.79989 , 699.445 , 699.445 , 0 , 690.688 , 1.25196 , 971 , 810 , 0 , 0 , 1796 , 665 , 0.044 , 11.335 , 1
VRP-SCEN_CUTS-PARTIAL_ROUTE-NODE , ../../data/Jabali/SVRP/k2/70_2_0.93_1_4.svrp , 2 , 699.445 , 695.645 , 3.79989 , 3.79989 , 699.445 , 699.445 , 0 , 691.723 , 1.10401 , 484 , 266 , 0 , 10 , 434 , 370 , 0.284 , 2.485 , 1
VRP-SCEN_CUTS-PARTIAL_ROUTE-NODE-IMPROVPARTIAL , ../../data/Jabali/SVRP/k2/70_2_0.93_1_4.svrp , 2 , 699.445 , 695.645 , 3.79989 , 3.79989 , 699.445 , 699.445 , 0 , 691.723 , 1.10401 , 488 , 257 , 0 , 10 , 1449 , 1093 , 0.283 , 2.642 , 1
VRP-PARTIAL_ROUTE-NODE , ../../data/Jabali/SVRP/k2/70_2_0.93_1_5.svrp , 2 , 746.763 , 743.116 , 3.64734 , 3.64734 , 746.763 , 746.763 , 0 , 735.045 , 1.56916 , 1372 , 741 , 0 , 0 , 500 , 250 , 0.043 , 8.631 , 1
VRP-PARTIAL_ROUTE-NODE-IMPROVPARTIAL , ../../data/Jabali/SVRP/k2/70_2_0.93_1_5.svrp , 2 , 746.763 , 743.116 , 3.64734 , 3.64734 , 746.763 , 746.763 , 0 , 735.045 , 1.56916 , 1704 , 711 , 0 , 0 , 2807 , 464 , 0.046 , 11.233 , 1
VRP-SCEN_CUTS-PARTIAL_ROUTE-NODE , ../../data/Jabali/SVRP/k2/70_2_0.93_1_5.svrp , 2 , 746.763 , 743.116 , 3.64734 , 3.64734 , 746.763 , 746.763 , 0 , 737.424 , 1.25064 , 510 , 416 , 0 , 11 , 115 , 78 , 0.403 , 2.856 , 1
VRP-SCEN_CUTS-PARTIAL_ROUTE-NODE-IMPROVPARTIAL , ../../data/Jabali/SVRP/k2/70_2_0.93_1_5.svrp , 2 , 746.763 , 743.116 , 3.64734 , 3.64734 , 746.763 , 746.763 , 0 , 737.424 , 1.25064 , 524 , 416 , 0 , 11 , 1007 , 322 , 0.405 , 3.778 , 1
VRP-PARTIAL_ROUTE-NODE , ../../data/Jabali/SVRP/k2/70_2_0.93_1_6.svrp , 2 , 681.014 , 675.197 , 5.8174 , 5.8174 , 681.014 , 681.014 , 0 , 672.014 , 1.32154 , 2840 , 659 , 0 , 0 , 2283 , 1555 , 0.078 , 19.932 , 1
VRP-PARTIAL_ROUTE-NODE-IMPROVPARTIAL , ../../data/Jabali/SVRP/k2/70_2_0.93_1_6.svrp , 2 , 681.014 , 675.197 , 5.8174 , 5.8174 , 681.014 , 681.014 , 3.81909e-05 , 672.014 , 1.32154 , 2157 , 487 , 0 , 0 , 4775 , 2475 , 0.081 , 13.257 , 1
VRP-SCEN_CUTS-PARTIAL_ROUTE-NODE , ../../data/Jabali/SVRP/k2/70_2_0.93_1_6.svrp , 2 , 681.014 , 675.197 , 5.8174 , 5.8174 , 681.014 , 681.014 , 0 , 674.124 , 1.01178 , 1438 , 286 , 0 , 25 , 1046 , 670 , 0.604 , 7.124 , 1
VRP-SCEN_CUTS-PARTIAL_ROUTE-NODE-IMPROVPARTIAL , ../../data/Jabali/SVRP/k2/70_2_0.93_1_6.svrp , 2 , 681.014 , 675.197 , 5.8174 , 5.8174 , 681.014 , 681.014 , 0 , 674.124 , 1.01178 , 1730 , 281 , 0 , 25 , 3976 , 2238 , 0.609 , 9.793 , 1
VRP-PARTIAL_ROUTE-NODE , ../../data/Jabali/SVRP/k2/70_2_0.93_1_7.svrp , 2 , 744.977 , 738.395 , 6.58192 , 6.58192 , 744.977 , 744.977 , 0 , 723.475 , 2.88614 , 3784 , 1517 , 0 , 0 , 1026 , 741 , 0.052 , 45.181 , 1
VRP-PARTIAL_ROUTE-NODE-IMPROVPARTIAL , ../../data/Jabali/SVRP/k2/70_2_0.93_1_7.svrp , 2 , 744.977 , 738.395 , 6.58192 , 6.58192 , 744.977 , 744.977 , 0 , 723.475 , 2.88614 , 1663 , 1032 , 0 , 0 , 3899 , 863 , 0.058 , 25.093 , 1
VRP-SCEN_CUTS-PARTIAL_ROUTE-NODE , ../../data/Jabali/SVRP/k2/70_2_0.93_1_7.svrp , 2 , 744.977 , 738.395 , 6.58192 , 6.58192 , 744.977 , 744.977 , 0 , 724.551 , 2.74173 , 1590 , 703 , 0 , 6 , 239 , 121 , 0.165 , 8.175 , 1
VRP-SCEN_CUTS-PARTIAL_ROUTE-NODE-IMPROVPARTIAL , ../../data/Jabali/SVRP/k2/70_2_0.93_1_7.svrp , 2 , 744.977 , 738.395 , 6.58192 , 6.58192 , 744.977 , 744.977 , 0 , 724.551 , 2.74173 , 1827 , 725 , 0 , 6 , 4655 , 169 , 0.17 , 13.358 , 1
VRP-PARTIAL_ROUTE-NODE , ../../data/Jabali/SVRP/k2/70_2_0.93_1_8.svrp , 2 , 726.264 , 720.34 , 5.92342 , 5.92342 , 726.264 , 726.264 , 0 , 702.67 , 3.24863 , 33233 , 3840 , 0 , 0 , 14795 , 7388 , 0.027 , 916.301 , 1
VRP-PARTIAL_ROUTE-NODE-IMPROVPARTIAL , ../../data/Jabali/SVRP/k2/70_2_0.93_1_8.svrp , 2 , 726.264 , 720.34 , 5.92342 , 5.92342 , 726.264 , 726.264 , 0 , 702.67 , 3.24863 , 34050 , 3332 , 0 , 0 , 61328 , 15098 , 0.033 , 914.553 , 1
VRP-SCEN_CUTS-PARTIAL_ROUTE-NODE , ../../data/Jabali/SVRP/k2/70_2_0.93_1_8.svrp , 2 , 726.264 , 720.34 , 5.92342 , 5.92342 , 726.264 , 726.264 , 0 , 703.597 , 3.12095 , 23902 , 2751 , 0 , 3 , 10426 , 5827 , 0.11 , 424.728 , 1
VRP-SCEN_CUTS-PARTIAL_ROUTE-NODE-IMPROVPARTIAL , ../../data/Jabali/SVRP/k2/70_2_0.93_1_8.svrp , 2 , 726.264 , 720.34 , 5.92342 , 5.92342 , 726.264 , 726.264 , 0 , 703.597 , 3.12095 , 20412 , 2270 , 0 , 3 , 36349 , 8705 , 0.116 , 333.023 , 1
VRP-PARTIAL_ROUTE-NODE , ../../data/Jabali/SVRP/k2/70_2_0.93_1_9.svrp , 2 , 698.353 , 693.372 , 4.98115 , 4.98115 , 698.353 , 698.353 , 0 , 683.448 , 2.13429 , 6003 , 861 , 0 , 0 , 3838 , 2350 , 0.043 , 45.091 , 1
VRP-PARTIAL_ROUTE-NODE-IMPROVPARTIAL , ../../data/Jabali/SVRP/k2/70_2_0.93_1_9.svrp , 2 , 698.353 , 693.372 , 4.98115 , 4.98115 , 698.353 , 698.353 , 0 , 683.448 , 2.13429 , 6764 , 1034 , 0 , 0 , 10865 , 4578 , 0.047 , 81.949 , 1
VRP-SCEN_CUTS-PARTIAL_ROUTE-NODE , ../../data/Jabali/SVRP/k2/70_2_0.93_1_9.svrp , 2 , 698.353 , 693.372 , 4.98115 , 4.98115 , 698.353 , 698.353 , 0 , 686.153 , 1.74696 , 1302 , 386 , 0 , 13 , 927 , 617 , 0.52 , 6.632 , 1
VRP-SCEN_CUTS-PARTIAL_ROUTE-NODE-IMPROVPARTIAL , ../../data/Jabali/SVRP/k2/70_2_0.93_1_9.svrp , 2 , 698.353 , 693.372 , 4.98115 , 4.98115 , 698.353 , 698.353 , 0 , 686.153 , 1.74696 , 1349 , 407 , 0 , 13 , 2525 , 959 , 0.522 , 6.46 , 1
VRP-PARTIAL_ROUTE-NODE , ../../data/Jabali/SVRP/k2/70_2_0.95_1_0.svrp , 2 , 730.513 , 716.975 , 13.5381 , 13.5381 , 730.513 , 730.513 , 0 , 710.736 , 2.70725 , 26253 , 4176 , 0 , 0 , 12347 , 6703 , 0.058 , 632.239 , 1
VRP-PARTIAL_ROUTE-NODE-IMPROVPARTIAL , ../../data/Jabali/SVRP/k2/70_2_0.95_1_0.svrp , 2 , 730.513 , 716.975 , 13.5381 , 13.5381 , 730.513 , 730.513 , 0 , 710.736 , 2.70725 , 27036 , 4643 , 0 , 0 , 51818 , 15307 , 0.062 , 753.08 , 1
VRP-SCEN_CUTS-PARTIAL_ROUTE-NODE , ../../data/Jabali/SVRP/k2/70_2_0.95_1_0.svrp , 2 , 730.513 , 716.975 , 13.5381 , 13.5381 , 730.513 , 730.513 , 0 , 713.578 , 2.31825 , 9713 , 2151 , 0 , 12 , 4509 , 2742 , 0.242 , 103.531 , 1
VRP-SCEN_CUTS-PARTIAL_ROUTE-NODE-IMPROVPARTIAL , ../../data/Jabali/SVRP/k2/70_2_0.95_1_0.svrp , 2 , 730.513 , 716.975 , 13.5381 , 13.5381 , 730.513 , 730.513 , 0 , 713.578 , 2.31825 , 9483 , 2110 , 0 , 12 , 16330 , 4299 , 0.245 , 101.397 , 1
VRP-PARTIAL_ROUTE-NODE , ../../data/Jabali/SVRP/k2/70_2_0.95_1_1.svrp , 2 , 717.796 , 705.788 , 12.0085 , 12.0085 , 717.796 , 717.796 , 0 , 702.134 , 2.18201 , 10299 , 1143 , 0 , 0 , 5823 , 3731 , 0.066 , 93.634 , 1
VRP-PARTIAL_ROUTE-NODE-IMPROVPARTIAL , ../../data/Jabali/SVRP/k2/70_2_0.95_1_1.svrp , 2 , 717.796 , 705.788 , 12.0085 , 12.0085 , 717.796 , 717.796 , 0 , 702.134 , 2.18201 , 9366 , 1501 , 0 , 0 , 22604 , 11632 , 0.069 , 111.473 , 1
VRP-SCEN_CUTS-PARTIAL_ROUTE-NODE , ../../data/Jabali/SVRP/k2/70_2_0.95_1_1.svrp , 2 , 717.796 , 705.788 , 12.0085 , 12.0085 , 717.796 , 717.796 , 0 , 704.773 , 1.81428 , 1664 , 692 , 0 , 22 , 745 , 538 , 0.647 , 9.173 , 1
VRP-SCEN_CUTS-PARTIAL_ROUTE-NODE-IMPROVPARTIAL , ../../data/Jabali/SVRP/k2/70_2_0.95_1_1.svrp , 2 , 717.796 , 705.788 , 12.0085 , 12.0085 , 717.796 , 717.796 , 0 , 704.773 , 1.81428 , 2058 , 703 , 0 , 22 , 3949 , 854 , 0.65 , 13.692 , 1
VRP-PARTIAL_ROUTE-NODE , ../../data/Jabali/SVRP/k2/70_2_0.95_1_2.svrp , 2 , 688.53 , 674.243 , 14.2866 , 14.2866 , 688.53 , 688.53 , 0 , 666.155 , 3.24964 , 19899 , 1666 , 0 , 0 , 11991 , 6346 , 0.069 , 314.561 , 1
VRP-PARTIAL_ROUTE-NODE-IMPROVPARTIAL , ../../data/Jabali/SVRP/k2/70_2_0.95_1_2.svrp , 2 , 688.53 , 674.243 , 14.2866 , 14.2866 , 688.53 , 688.53 , 0 , 666.155 , 3.24964 , 25809 , 1542 , 0 , 0 , 56586 , 25021 , 0.075 , 410.362 , 1
VRP-SCEN_CUTS-PARTIAL_ROUTE-NODE , ../../data/Jabali/SVRP/k2/70_2_0.95_1_2.svrp , 2 , 688.53 , 674.243 , 14.2866 , 14.2866 , 688.53 , 688.53 , 7.31108e-05 , 670.912 , 2.55882 , 31277 , 1082 , 0 , 21 , 11929 , 8106 , 0.784 , 326.824 , 1
VRP-SCEN_CUTS-PARTIAL_ROUTE-NODE-IMPROVPARTIAL , ../../data/Jabali/SVRP/k2/70_2_0.95_1_2.svrp , 2 , 688.53 , 674.243 , 14.2866 , 14.2866 , 688.53 , 688.53 , 1.90696e-05 , 670.912 , 2.55882 , 26761 , 1123 , 0 , 21 , 59252 , 18764 , 0.782 , 522.038 , 1
VRP-PARTIAL_ROUTE-NODE , ../../data/Jabali/SVRP/k2/70_2_0.95_1_3.svrp , 2 , 717.236 , 705.252 , 11.9837 , 11.9837 , 717.236 , 717.236 , 0 , 695.301 , 3.05826 , 13457 , 1761 , 0 , 0 , 8891 , 3956 , 0.045 , 184.698 , 1
VRP-PARTIAL_ROUTE-NODE-IMPROVPARTIAL , ../../data/Jabali/SVRP/k2/70_2_0.95_1_3.svrp , 2 , 717.236 , 705.252 , 11.9837 , 11.9837 , 717.236 , 717.236 , 0 , 695.301 , 3.05826 , 12803 , 1774 , 0 , 0 , 25026 , 9020 , 0.05 , 271.534 , 1
