Algorithm , Instance , Model Solution Cost, Root Lower Bound , Root Gap (%), Root Time (s) , Time (s), K , Deterministic Cost , Model Recourse Cost , Optimal Recourse Cost , Classical Recourse Cost , Upper Bound , Lower Bound , Gap (%) , Node Count , CVRPSEP Cuts , CVRPSEP Time (s) , Partial Route Cuts , Partial Route Time (s) , Parada Set Cuts , Parada Time (s) , SRI Cuts , SRI Time (s) , Aggregated SRI Cuts , Aggregated SRI Time (s) , Solved
SVRP-SET-PR-SCENOPT_CUTS , ./data/Jabali/k4/40_4_0.80_1_0.svrp , 732.03 , 707.681 , 3.3262 , 0.067 , 14.087 , 4 , 722 , 10.03 , 10.03 , 10.4 , 732.03 , 732.03 , 0 , 2128 , 710 , 0.541248 , 97 , 0.350622 , 102 , 0.029055 , 0 , 0 , 0 , 0 , 1
SVRP-SRI-PR-SCENOPT_CUTS , ./data/Jabali/k4/40_4_0.80_1_0.svrp , 732.03 , 719.89 , 1.65844 , 60.151 , 64.276 , 4 , 722 , 10.03 , 10.03 , 10.4 , 732.03 , 732.03 , 0 , 925 , 575 , 3.25575 , 62 , 0.127851 , 0 , 0 , 3076 , 11.7077 , 134 , 0.088119 , 1
SVRP-SRI-PR-SCENOPT_CUTS-ProjectedSRI , ./data/Jabali/k4/40_4_0.80_1_0.svrp , 732.03 , 719.89 , 1.65844 , 60.129 , 62.999 , 4 , 722 , 10.03 , 10.03 , 10.4 , 732.03 , 732.03 , 0 , 763 , 460 , 2.90229 , 50 , 0.086598 , 0 , 0 , 3076 , 18.5421 , 125 , 0.064141 , 1
SVRP-SET-PR-SCENOPT_CUTS , ./data/Jabali/k4/40_4_0.80_1_1.svrp , 657.36 , 641.589 , 2.39908 , 0.036 , 3.8 , 4 , 646 , 11.36 , 11.36 , 11.51 , 657.36 , 657.36 , 0 , 1689 , 478 , 0.285033 , 92 , 0.159992 , 78 , 0.021421 , 0 , 0 , 0 , 0 , 1
SVRP-SRI-PR-SCENOPT_CUTS , ./data/Jabali/k4/40_4_0.80_1_1.svrp , 657.36 , 647.472 , 1.50422 , 60.232 , 63.823 , 4 , 646 , 11.36 , 11.36 , 11.51 , 657.36 , 657.36 , 0 , 886 , 464 , 2.5843 , 73 , 0.171824 , 0 , 0 , 3203 , 31.1925 , 119 , 0.091713 , 1
SVRP-SRI-PR-SCENOPT_CUTS-ProjectedSRI , ./data/Jabali/k4/40_4_0.80_1_1.svrp , 657.36 , 647.472 , 1.50422 , 60.038 , 61.803 , 4 , 646 , 11.36 , 11.36 , 11.51 , 657.36 , 657.36 , 0 , 447 , 334 , 2.46175 , 33 , 0.073308 , 0 , 0 , 3203 , 30.8376 , 99 , 0.041969 , 1
SVRP-SET-PR-SCENOPT_CUTS , ./data/Jabali/k4/40_4_0.80_1_2.svrp , 694.49 , 684.096 , 1.49659 , 0.027 , 0.53 , 4 , 666 , 28.49 , 28.49 , 30.93 , 694.49 , 694.49 , 0 , 235 , 135 , 0.016133 , 41 , 0.108321 , 27 , 0.005139 , 0 , 0 , 0 , 0 , 1
SVRP-SRI-PR-SCENOPT_CUTS , ./data/Jabali/k4/40_4_0.80_1_2.svrp , 694.49 , 693.403 , 0.1565 , 58.659 , 59.202 , 4 , 666 , 28.49 , 28.49 , 30.93 , 694.49 , 694.49 , 0 , 21 , 119 , 1.70891 , 14 , 0.060334 , 0 , 0 , 3102 , 43.1374 , 44 , 0.009273 , 1
SVRP-SRI-PR-SCENOPT_CUTS-ProjectedSRI , ./data/Jabali/k4/40_4_0.80_1_2.svrp , 694.49 , 693.965 , 0.0755362 , 60.108 , 60.403 , 4 , 666 , 28.49 , 28.49 , 30.93 , 694.49 , 694.49 , 0 , 9 , 112 , 1.76772 , 3 , 0.024041 , 0 , 0 , 3102 , 44.095 , 35 , 0.00786 , 1
SVRP-SET-PR-SCENOPT_CUTS , ./data/Jabali/k4/40_4_0.80_1_3.svrp , 596.66 , 594.35 , 0.387155 , 0.038 , 0.578 , 4 , 591 , 5.66 , 5.66 , 5.75 , 596.66 , 596.66 , 0 , 26 , 159 , 0.009742 , 12 , 0.019271 , 20 , 0.0024 , 0 , 0 , 0 , 0 , 1
SVRP-SRI-PR-SCENOPT_CUTS , ./data/Jabali/k4/40_4_0.80_1_3.svrp , 596.66 , 596.66 , 3.81077e-14 , 18.007 , 18.218 , 4 , 591 , 5.66 , 5.66 , 5.75 , 596.66 , 596.66 , 0 , 1 , 171 , 0.513138 , 4 , 0.011977 , 0 , 0 , 1916 , 5.80543 , 40 , 0.003599 , 1
SVRP-SRI-PR-SCENOPT_CUTS-ProjectedSRI , ./data/Jabali/k4/40_4_0.80_1_3.svrp , 596.66 , 596.66 , 3.81077e-14 , 17.862 , 18.094 , 4 , 591 , 5.66 , 5.66 , 5.75 , 596.66 , 596.66 , 0 , 1 , 173 , 0.512199 , 1 , 0.006519 , 0 , 0 , 1916 , 5.92507 , 37 , 0.003818 , 1
SVRP-SET-PR-SCENOPT_CUTS , ./data/Jabali/k4/40_4_0.80_1_4.svrp , 708.69 , 704.02 , 0.658962 , 0.041 , 0.381 , 4 , 706 , 2.69 , 2.69 , 2.87 , 708.69 , 708.69 , 0 , 56 , 161 , 0.013557 , 32 , 0.051821 , 29 , 0.002936 , 0 , 0 , 0 , 0 , 1
SVRP-SRI-PR-SCENOPT_CUTS , ./data/Jabali/k4/40_4_0.80_1_4.svrp , 708.69 , 708.69 , 1.60418e-14 , 7.018 , 7.135 , 4 , 706 , 2.69 , 2.69 , 2.87 , 708.69 , 708.69 , 0 , 1 , 181 , 0.055731 , 2 , 0.004013 , 0 , 0 , 201 , 6.50066 , 20 , 0.001673 , 1
SVRP-SRI-PR-SCENOPT_CUTS-ProjectedSRI , ./data/Jabali/k4/40_4_0.80_1_4.svrp , 708.69 , 708.69 , 1.60418e-14 , 7.228 , 7.36 , 4 , 706 , 2.69 , 2.69 , 2.87 , 708.69 , 708.69 , 0 , 1 , 181 , 0.055492 , 2 , 0.004114 , 0 , 0 , 201 , 6.71555 , 20 , 0.001691 , 1
SVRP-SET-PR-SCENOPT_CUTS , ./data/Jabali/k4/40_4_0.80_1_5.svrp , 697.84 , 687.79 , 1.44016 , 0.034 , 1.407 , 4 , 690 , 7.84 , 7.84 , 7.9 , 697.84 , 697.84 , 0 , 467 , 368 , 0.076923 , 65 , 0.129161 , 74 , 0.009598 , 0 , 0 , 0 , 0 , 1
SVRP-SRI-PR-SCENOPT_CUTS , ./data/Jabali/k4/40_4_0.80_1_5.svrp , 697.84 , 691.547 , 0.901745 , 46.77 , 47.948 , 4 , 690 , 7.84 , 7.84 , 7.9 , 697.84 , 697.84 , 0 , 378 , 345 , 0.963084 , 30 , 0.083882 , 0 , 0 , 1519 , 38.261 , 68 , 0.0398 , 1
SVRP-SRI-PR-SCENOPT_CUTS-ProjectedSRI , ./data/Jabali/k4/40_4_0.80_1_5.svrp , 697.84 , 691.455 , 0.915027 , 45.227 , 46.029 , 4 , 690 , 7.84 , 7.84 , 7.9 , 697.84 , 697.84 , 0 , 183 , 219 , 0.872766 , 14 , 0.037233 , 0 , 0 , 1519 , 37.2293 , 51 , 0.019685 , 1
SVRP-SET-PR-SCENOPT_CUTS , ./data/Jabali/k4/40_4_0.80_1_6.svrp , 678.42 , 653.76 , 3.63492 , 0.034 , 10.693 , 4 , 669 , 9.42 , 9.42 , 9.6 , 678.42 , 678.42 , 0 , 2125 , 823 , 0.390102 , 96 , 0.216417 , 101 , 0.025631 , 0 , 0 , 0 , 0 , 1
SVRP-SRI-PR-SCENOPT_CUTS , ./data/Jabali/k4/40_4_0.80_1_6.svrp , 678.42 , 666.452 , 1.7641 , 60.084 , 64.551 , 4 , 669 , 9.42 , 9.42 , 9.6 , 678.42 , 678.42 , 0 , 1221 , 559 , 3.71236 , 30 , 0.092415 , 0 , 0 , 5159 , 3.97287 , 140 , 0.110098 , 1
SVRP-SRI-PR-SCENOPT_CUTS-ProjectedSRI , ./data/Jabali/k4/40_4_0.80_1_6.svrp , 678.42 , 666.17 , 1.80573 , 60.065 , 65.296 , 4 , 669 , 9.42 , 9.42 , 9.6 , 678.42 , 678.42 , 0 , 1334 , 548 , 3.61929 , 14 , 0.071323 , 0 , 0 , 5133 , 3.75686 , 127 , 0.12085 , 1
SVRP-SET-PR-SCENOPT_CUTS , ./data/Jabali/k4/40_4_0.80_1_7.svrp , 657.18 , 657.133 , 0.00722357 , 0.05 , 0.32 , 4 , 651 , 6.18 , 6.18 , 7.13 , 657.18 , 657.18 , 0 , 1 , 123 , 0.01485 , 8 , 0.013459 , 8 , 0.002048 , 0 , 0 , 0 , 0 , 1
SVRP-SRI-PR-SCENOPT_CUTS , ./data/Jabali/k4/40_4_0.80_1_7.svrp , 657.18 , 657.18 , 1.72992e-14 , 6.278 , 6.365 , 4 , 651 , 6.18 , 6.18 , 7.13 , 657.18 , 657.18 , 0 , 1 , 200 , 0.109902 , 1 , 0.003004 , 0 , 0 , 238 , 5.30231 , 25 , 0.001371 , 1
SVRP-SRI-PR-SCENOPT_CUTS-ProjectedSRI , ./data/Jabali/k4/40_4_0.80_1_7.svrp , 657.18 , 657.18 , 1.72992e-14 , 6.4 , 6.488 , 4 , 651 , 6.18 , 6.18 , 7.13 , 657.18 , 657.18 , 0 , 1 , 200 , 0.109254 , 1 , 0.003297 , 0 , 0 , 238 , 5.436 , 25 , 0.001338 , 1
SVRP-SET-PR-SCENOPT_CUTS , ./data/Jabali/k4/40_4_0.80_1_8.svrp , 739.55 , 715.103 , 3.30571 , 0.069 , 12.071 , 4 , 720 , 19.55 , 19.55 , 19.64 , 739.55 , 739.55 , 0 , 2910 , 785 , 0.623944 , 193 , 0.326097 , 191 , 0.034908 , 0 , 0 , 0 , 0 , 1
SVRP-SRI-PR-SCENOPT_CUTS , ./data/Jabali/k4/40_4_0.80_1_8.svrp , 739.55 , 724.1 , 2.08905 , 60.128 , 74.351 , 4 , 720 , 19.55 , 19.55 , 19.64 , 739.55 , 739.55 , 0 , 2824 , 690 , 7.0101 , 139 , 0.310767 , 0 , 0 , 3259 , 7.25016 , 220 , 0.283374 , 1
SVRP-SRI-PR-SCENOPT_CUTS-ProjectedSRI , ./data/Jabali/k4/40_4_0.80_1_8.svrp , 739.55 , 724.095 , 2.08974 , 60.106 , 73.575 , 4 , 720 , 19.55 , 19.55 , 19.64 , 739.55 , 739.55 , 0 , 2780 , 750 , 6.52783 , 75 , 0.231381 , 0 , 0 , 3242 , 6.655 , 175 , 0.271587 , 1
SVRP-SET-PR-SCENOPT_CUTS , ./data/Jabali/k4/40_4_0.80_1_9.svrp , 653.04 , 634.524 , 2.83533 , 0.083 , 10.406 , 4 , 651 , 2.04 , 2.04 , 2.04 , 653.04 , 653.04 , 0 , 1311 , 1064 , 0.280303 , 183 , 0.376638 , 172 , 0.024379 , 0 , 0 , 0 , 0 , 1
SVRP-SRI-PR-SCENOPT_CUTS , ./data/Jabali/k4/40_4_0.80_1_9.svrp , 653.04 , 641.582 , 1.7546 , 60.11 , 63.451 , 4 , 651 , 2.04 , 2.04 , 2.04 , 653.04 , 653.04 , 0 , 614 , 493 , 2.79413 , 31 , 0.075682 , 0 , 0 , 3996 , 3.24495 , 124 , 0.055218 , 1
SVRP-SRI-PR-SCENOPT_CUTS-ProjectedSRI , ./data/Jabali/k4/40_4_0.80_1_9.svrp , 653.04 , 641.855 , 1.71279 , 60.074 , 61.531 , 4 , 651 , 2.04 , 2.04 , 2.04 , 653.04 , 653.04 , 0 , 110 , 336 , 2.67929 , 17 , 0.046881 , 0 , 0 , 3988 , 3.24697 , 110 , 0.014616 , 1
SVRP-SET-PR-SCENOPT_CUTS , ./data/Jabali/k4/40_4_0.82_1_0.svrp , 722.56 , 706.818 , 2.1787 , 0.032 , 2.363 , 4 , 709 , 13.56 , 13.56 , 13.59 , 722.56 , 722.56 , 0 , 968 , 450 , 0.156477 , 75 , 0.130467 , 86 , 0.014606 , 0 , 0 , 0 , 0 , 1
SVRP-SRI-PR-SCENOPT_CUTS , ./data/Jabali/k4/40_4_0.82_1_0.svrp , 722.56 , 712.043 , 1.45559 , 60.118 , 62.328 , 4 , 709 , 13.56 , 13.56 , 13.59 , 722.56 , 722.56 , 0 , 766 , 334 , 4.40804 , 63 , 0.10061 , 0 , 0 , 3280 , 9.59562 , 130 , 0.071826 , 1
SVRP-SRI-PR-SCENOPT_CUTS-ProjectedSRI , ./data/Jabali/k4/40_4_0.82_1_0.svrp , 722.56 , 712.089 , 1.44908 , 60.106 , 63.284 , 4 , 709 , 13.56 , 13.56 , 13.59 , 722.56 , 722.56 , 0 , 1226 , 425 , 4.48986 , 50 , 0.107438 , 0 , 0 , 3280 , 9.29551 , 122 , 0.10815 , 1
SVRP-SET-PR-SCENOPT_CUTS , ./data/Jabali/k4/40_4_0.82_1_1.svrp , 677.15 , 662.191 , 2.20907 , 0.029 , 3.468 , 4 , 668 , 9.15 , 9.15 , 9.39 , 677.15 , 677.15 , 0 , 1367 , 452 , 0.235611 , 89 , 0.169633 , 69 , 0.016884 , 0 , 0 , 0 , 0 , 1
SVRP-SRI-PR-SCENOPT_CUTS , ./data/Jabali/k4/40_4_0.82_1_1.svrp , 677.15 , 668.738 , 1.24226 , 54.371 , 56.356 , 4 , 668 , 9.15 , 9.15 , 9.39 , 677.15 , 677.15 , 0 , 1002 , 270 , 2.03486 , 15 , 0.106981 , 0 , 0 , 2966 , 35.0119 , 66 , 0.084762 , 1
SVRP-SRI-PR-SCENOPT_CUTS-ProjectedSRI , ./data/Jabali/k4/40_4_0.82_1_1.svrp , 677.15 , 668.835 , 1.22798 , 55.139 , 56.287 , 4 , 668 , 9.15 , 9.15 , 9.39 , 677.15 , 677.15 , 0 , 489 , 242 , 1.97632 , 14 , 0.032806 , 0 , 0 , 2966 , 35.0446 , 65 , 0.048381 , 1
SVRP-SET-PR-SCENOPT_CUTS , ./data/Jabali/k4/40_4_0.82_1_2.svrp , 632.1 , 628.249 , 0.609249 , 0.026 , 0.271 , 4 , 626 , 6.1 , 6.1 , 6.6 , 632.1 , 632.1 , 0 , 24 , 96 , 0.007976 , 29 , 0.030215 , 34 , 0.002142 , 0 , 0 , 0 , 0 , 1
SVRP-SRI-PR-SCENOPT_CUTS , ./data/Jabali/k4/40_4_0.82_1_2.svrp , 632.1 , 629.381 , 0.430094 , 28.973 , 29.289 , 4 , 626 , 6.1 , 6.1 , 6.6 , 632.1 , 632.1 , 0 , 39 , 110 , 0.158208 , 19 , 0.028082 , 0 , 0 , 64 , 28.6016 , 33 , 0.004479 , 1
SVRP-SRI-PR-SCENOPT_CUTS-ProjectedSRI , ./data/Jabali/k4/40_4_0.82_1_2.svrp , 632.1 , 629.381 , 0.430094 , 29.274 , 29.585 , 4 , 626 , 6.1 , 6.1 , 6.6 , 632.1 , 632.1 , 0 , 40 , 121 , 0.159034 , 19 , 0.034329 , 0 , 0 , 64 , 28.8832 , 33 , 0.004324 , 1
SVRP-SET-PR-SCENOPT_CUTS , ./data/Jabali/k4/40_4_0.82_1_3.svrp , 701.8 , 687.903 , 1.98018 , 0.038 , 2.947 , 4 , 686 , 15.8 , 15.8 , 15.8 , 701.8 , 701.8 , 0 , 836 , 427 , 0.152034 , 72 , 0.187559 , 46 , 0.01333 , 0 , 0 , 0 , 0 , 1
SVRP-SRI-PR-SCENOPT_CUTS , ./data/Jabali/k4/40_4_0.82_1_3.svrp , 701.8 , 691.973 , 1.40028 , 60.158 , 71.97 , 4 , 686 , 15.8 , 15.8 , 15.8 , 701.8 , 701.8 , 0 , 1125 , 800 , 2.56771 , 119 , 0.262296 , 0 , 0 , 1313 , 52.9084 , 165 , 0.123238 , 1
SVRP-SRI-PR-SCENOPT_CUTS-ProjectedSRI , ./data/Jabali/k4/40_4_0.82_1_3.svrp , 701.8 , 692.158 , 1.37383 , 60.074 , 62.839 , 4 , 686 , 15.8 , 15.8 , 15.8 , 701.8 , 701.8 , 0 , 480 , 482 , 2.3927 , 40 , 0.126711 , 0 , 0 , 1313 , 52.7557 , 95 , 0.049136 , 1
SVRP-SET-PR-SCENOPT_CUTS , ./data/Jabali/k4/40_4_0.82_1_4.svrp , 663.19 , 652.525 , 1.60814 , 0.036 , 0.617 , 4 , 647 , 16.19 , 16.19 , 16.34 , 663.19 , 663.19 , 0 , 155 , 165 , 0.025405 , 24 , 0.080381 , 22 , 0.003277 , 0 , 0 , 0 , 0 , 1
SVRP-SRI-PR-SCENOPT_CUTS , ./data/Jabali/k4/40_4_0.82_1_4.svrp , 663.19 , 659.608 , 0.540134 , 47.833 , 48.628 , 4 , 647 , 16.19 , 16.19 , 16.34 , 663.19 , 663.19 , 0 , 16 , 137 , 1.52913 , 4 , 0.029963 , 0 , 0 , 1883 , 34.4904 , 70 , 0.012029 , 1
SVRP-SRI-PR-SCENOPT_CUTS-ProjectedSRI , ./data/Jabali/k4/40_4_0.82_1_4.svrp , 663.19 , 659.484 , 0.558773 , 46.061 , 46.735 , 4 , 647 , 16.19 , 16.19 , 16.34 , 663.19 , 663.19 , 0 , 25 , 148 , 1.52384 , 4 , 0.03858 , 0 , 0 , 1883 , 32.42 , 69 , 0.008189 , 1
SVRP-SET-PR-SCENOPT_CUTS , ./data/Jabali/k4/40_4_0.82_1_5.svrp , 611.49 , 611.339 , 0.0246766 , 0.046 , 0.206 , 4 , 602 , 9.49 , 9.49 , 9.94 , 611.49 , 611.49 , 1.16139e-07 , 1 , 109 , 0.003963 , 12 , 0.016644 , 11 , 0.001644 , 0 , 0 , 0 , 0 , 1
SVRP-SRI-PR-SCENOPT_CUTS , ./data/Jabali/k4/40_4_0.82_1_5.svrp , 611.49 , 611.49 , 0 , 5.942 , 6.043 , 4 , 602 , 9.49 , 9.49 , 9.94 , 611.49 , 611.49 , 0 , 1 , 113 , 0.028458 , 0 , 0.003576 , 0 , 0 , 35 , 5.66616 , 10 , 0.001117 , 1
SVRP-SRI-PR-SCENOPT_CUTS-ProjectedSRI , ./data/Jabali/k4/40_4_0.82_1_5.svrp , 611.49 , 611.49 , 0 , 6.081 , 6.175 , 4 , 602 , 9.49 , 9.49 , 9.94 , 611.49 , 611.49 , 0 , 1 , 113 , 0.029872 , 0 , 0.003612 , 0 , 0 , 35 , 5.80368 , 10 , 0.001139 , 1
SVRP-SET-PR-SCENOPT_CUTS , ./data/Jabali/k4/40_4_0.82_1_6.svrp , 689.14 , 679.421 , 1.41027 , 0.045 , 0.966 , 4 , 680 , 9.14 , 9.14 , 9.38 , 689.14 , 689.14 , 0 , 331 , 255 , 0.04936 , 56 , 0.148211 , 51 , 0.009801 , 0 , 0 , 0 , 0 , 1
SVRP-SRI-PR-SCENOPT_CUTS , ./data/Jabali/k4/40_4_0.82_1_6.svrp , 689.14 , 686.332 , 0.407488 , 60.214 , 61.276 , 4 , 680 , 9.14 , 9.14 , 9.38 , 689.14 , 689.14 , 0 , 235 , 274 , 4.1314 , 38 , 0.088035 , 0 , 0 , 2664 , 10.3695 , 89 , 0.02602 , 1
SVRP-SRI-PR-SCENOPT_CUTS-ProjectedSRI , ./data/Jabali/k4/40_4_0.82_1_6.svrp , 689.14 , 686.355 , 0.404145 , 60.247 , 61.708 , 4 , 680 , 9.14 , 9.14 , 9.38 , 689.14 , 689.14 , 0 , 331 , 280 , 4.17901 , 27 , 0.073445 , 0 , 0 , 2664 , 10.5405 , 83 , 0.040396 , 1
SVRP-SET-PR-SCENOPT_CUTS , ./data/Jabali/k4/40_4_0.82_1_7.svrp , 714.8 , 693.096 , 3.03639 , 0.044 , 13.269 , 4 , 705 , 9.8 , 9.8 , 9.8 , 714.8 , 714.8 , 0 , 2683 , 952 , 0.672672 , 61 , 0.145495 , 69 , 0.033211 , 0 , 0 , 0 , 0 , 1
SVRP-SRI-PR-SCENOPT_CUTS , ./data/Jabali/k4/40_4_0.82_1_7.svrp , 714.8 , 699.914 , 2.08256 , 60.089 , 86.162 , 4 , 705 , 9.8 , 9.8 , 9.8 , 714.8 , 714.8 , 0 , 3160 , 1516 , 2.92659 , 222 , 0.566363 , 0 , 0 , 5693 , 1.84869 , 250 , 0.324915 , 1
SVRP-SRI-PR-SCENOPT_CUTS-ProjectedSRI , ./data/Jabali/k4/40_4_0.82_1_7.svrp , 714.8 , 700.164 , 2.0475 , 60.067 , 71.84 , 4 , 705 , 9.8 , 9.8 , 9.8 , 714.8 , 714.8 , 0 , 2113 , 1135 , 2.76421 , 86 , 0.177241 , 0 , 0 , 5845 , 1.96584 , 145 , 0.202204 , 1
SVRP-SET-PR-SCENOPT_CUTS , ./data/Jabali/k4/40_4_0.82_1_8.svrp , 724.66 , 718.241 , 0.885774 , 0.031 , 0.813 , 4 , 718 , 6.66 , 6.66 , 6.83 , 724.66 , 724.66 , 0 , 128 , 183 , 0.036554 , 23 , 0.044612 , 25 , 0.003634 , 0 , 0 , 0 , 0 , 1
SVRP-SRI-PR-SCENOPT_CUTS , ./data/Jabali/k4/40_4_0.82_1_8.svrp , 724.66 , 721.528 , 0.432153 , 60.193 , 60.728 , 4 , 718 , 6.66 , 6.66 , 6.83 , 724.66 , 724.66 , 0 , 29 , 161 , 3.84207 , 6 , 0.018846 , 0 , 0 , 2722 , 34.815 , 85 , 0.009853 , 1
SVRP-SRI-PR-SCENOPT_CUTS-ProjectedSRI , ./data/Jabali/k4/40_4_0.82_1_8.svrp , 724.66 , 721.609 , 0.421003 , 60.098 , 60.692 , 4 , 718 , 6.66 , 6.66 , 6.83 , 724.66 , 724.66 , 0 , 29 , 162 , 3.83585 , 5 , 0.014103 , 0 , 0 , 2722 , 34.4275 , 84 , 0.009354 , 1
SVRP-SET-PR-SCENOPT_CUTS , ./data/Jabali/k4/40_4_0.82_1_9.svrp , 679.71 , 669.991 , 1.42993 , 0.075 , 2.02 , 4 , 670 , 9.71 , 9.71 , 9.93 , 679.71 , 679.71 , 0 , 243 , 340 , 0.055457 , 44 , 0.140422 , 38 , 0.007271 , 0 , 0 , 0 , 0 , 1
SVRP-SRI-PR-SCENOPT_CUTS , ./data/Jabali/k4/40_4_0.82_1_9.svrp , 679.71 , 679.71 , 0 , 57.199 , 57.379 , 4 , 670 , 9.71 , 9.71 , 9.93 , 679.71 , 679.71 , 0 , 1 , 304 , 3.90811 , 0 , 0.003443 , 0 , 0 , 3977 , 11.1294 , 94 , 0.00494 , 1
SVRP-SRI-PR-SCENOPT_CUTS-ProjectedSRI , ./data/Jabali/k4/40_4_0.82_1_9.svrp , 679.71 , 679.71 , 0 , 57.939 , 58.078 , 4 , 670 , 9.71 , 9.71 , 9.93 , 679.71 , 679.71 , 0 , 1 , 304 , 3.93387 , 0 , 0.003674 , 0 , 0 , 3977 , 11.1869 , 94 , 0.004852 , 1
SVRP-SET-PR-SCENOPT_CUTS , ./data/Jabali/k4/40_4_0.85_1_0.svrp , 732.37 , 712.542 , 2.70742 , 0.048 , 15.535 , 4 , 711 , 21.37 , 21.37 , 22.19 , 732.37 , 732.37 , 0 , 4518 , 885 , 0.502438 , 273 , 1.0295 , 282 , 0.220692 , 0 , 0 , 0 , 0 , 1
SVRP-SRI-PR-SCENOPT_CUTS , ./data/Jabali/k4/40_4_0.85_1_0.svrp , 732.37 , 723.017 , 1.27714 , 58.762 , 61.76 , 4 , 711 , 21.37 , 21.37 , 22.19 , 732.37 , 732.37 , 0 , 1304 , 494 , 1.40935 , 127 , 0.355604 , 0 , 0 , 972 , 52.3968 , 192 , 0.084158 , 1
SVRP-SRI-PR-SCENOPT_CUTS-ProjectedSRI , ./data/Jabali/k4/40_4_0.85_1_0.svrp , 732.37 , 723.01 , 1.27804 , 59.772 , 64.646 , 4 , 711 , 21.37 , 21.37 , 22.19 , 732.37 , 732.37 , 0 , 1754 , 593 , 1.47136 , 163 , 0.490239 , 0 , 0 , 972 , 53.2802 , 225 , 0.13288 , 1
SVRP-SET-PR-SCENOPT_CUTS , ./data/Jabali/k4/40_4_0.85_1_1.svrp , 735.18 , 712.73 , 3.05369 , 0.036 , 13.595 , 4 , 722 , 13.18 , 13.18 , 14.63 , 735.18 , 735.18 , 0 , 3600 , 999 , 0.766495 , 146 , 0.350383 , 155 , 0.187221 , 0 , 0 , 0 , 0 , 1
SVRP-SRI-PR-SCENOPT_CUTS , ./data/Jabali/k4/40_4_0.85_1_1.svrp , 735.18 , 717.039 , 2.46749 , 60.154 , 64.661 , 4 , 722 , 13.18 , 13.18 , 14.63 , 735.18 , 735.18 , 0 , 1184 , 687 , 2.1529 , 89 , 0.190795 , 0 , 0 , 3030 , 21.1236 , 165 , 0.087528 , 1
SVRP-SRI-PR-SCENOPT_CUTS-ProjectedSRI , ./data/Jabali/k4/40_4_0.85_1_1.svrp , 735.18 , 716.839 , 2.4948 , 60.121 , 65.201 , 4 , 722 , 13.18 , 13.18 , 14.63 , 735.18 , 735.18 , 0 , 1217 , 681 , 2.15117 , 51 , 0.175178 , 0 , 0 , 3030 , 20.5779 , 128 , 0.089794 , 1
SVRP-SET-PR-SCENOPT_CUTS , ./data/Jabali/k4/40_4_0.85_1_2.svrp , 631.21 , 617.345 , 2.19663 , 0.114 , 3.736 , 4 , 619 , 12.21 , 12.21 , 13.11 , 631.21 , 631.21 , 0 , 701 , 520 , 0.199508 , 58 , 0.126969 , 60 , 0.013292 , 0 , 0 , 0 , 0 , 1
SVRP-SRI-PR-SCENOPT_CUTS , ./data/Jabali/k4/40_4_0.85_1_2.svrp , 631.21 , 619.351 , 1.87872 , 60.075 , 69.481 , 4 , 619 , 12.21 , 12.21 , 13.11 , 631.21 , 631.21 , 0 , 796 , 738 , 3.28472 , 89 , 0.217305 , 0 , 0 , 4577 , 1.64767 , 122 , 0.096152 , 1
SVRP-SRI-PR-SCENOPT_CUTS-ProjectedSRI , ./data/Jabali/k4/40_4_0.85_1_2.svrp , 631.21 , 619.261 , 1.89303 , 60.066 , 65.139 , 4 , 619 , 12.21 , 12.21 , 13.11 , 631.21 , 631.21 , 0 , 660 , 611 , 3.19775 , 77 , 0.209253 , 0 , 0 , 4582 , 1.65324 , 123 , 0.068897 , 1
SVRP-SET-PR-SCENOPT_CUTS , ./data/Jabali/k4/40_4_0.85_1_3.svrp , 728.85 , 696.731 , 4.40686 , 0.061 , 39.693 , 4 , 716 , 12.85 , 12.85 , 13.5 , 728.85 , 728.85 , 0 , 4836 , 1566 , 1.14172 , 202 , 0.504361 , 199 , 0.246365 , 0 , 0 , 0 , 0 , 1
SVRP-SRI-PR-SCENOPT_CUTS , ./data/Jabali/k4/40_4_0.85_1_3.svrp , 728.85 , 705.285 , 3.23319 , 60.068 , 82.231 , 4 , 716 , 12.85 , 12.85 , 13.5 , 728.85 , 728.85 , 0 , 3285 , 1115 , 2.80922 , 131 , 0.344018 , 0 , 0 , 5467 , 1.62648 , 198 , 0.316981 , 1
SVRP-SRI-PR-SCENOPT_CUTS-ProjectedSRI , ./data/Jabali/k4/40_4_0.85_1_3.svrp , 728.85 , 705.21 , 3.24346 , 60.078 , 91.865 , 4 , 716 , 12.85 , 12.85 , 13.5 , 728.85 , 728.85 , 0 , 3871 , 1402 , 2.96451 , 122 , 0.347914 , 0 , 0 , 5454 , 1.61546 , 196 , 0.348862 , 1
SVRP-SET-PR-SCENOPT_CUTS , ./data/Jabali/k4/40_4_0.85_1_4.svrp , 640.3 , 637.16 , 0.490395 , 0.039 , 0.623 , 4 , 619 , 21.3 , 21.3 , 21.42 , 640.3 , 640.3 , 0 , 175 , 226 , 0.045526 , 31 , 0.055752 , 31 , 0.004385 , 0 , 0 , 0 , 0 , 1
SVRP-SRI-PR-SCENOPT_CUTS , ./data/Jabali/k4/40_4_0.85_1_4.svrp , 640.3 , 637.853 , 0.382136 , 43.41 , 43.993 , 4 , 619 , 21.3 , 21.3 , 21.42 , 640.3 , 640.3 , 0 , 23 , 205 , 1.4872 , 13 , 0.031367 , 0 , 0 , 2116 , 27.6012 , 49 , 0.006418 , 1
SVRP-SRI-PR-SCENOPT_CUTS-ProjectedSRI , ./data/Jabali/k4/40_4_0.85_1_4.svrp , 640.3 , 637.313 , 0.466456 , 43.744 , 44.341 , 4 , 619 , 21.3 , 21.3 , 21.42 , 640.3 , 640.3 , 0 , 96 , 242 , 1.49838 , 12 , 0.041763 , 0 , 0 , 2116 , 27.6995 , 49 , 0.010534 , 1
SVRP-SET-PR-SCENOPT_CUTS , ./data/Jabali/k4/40_4_0.85_1_5.svrp , 723.19 , 714.23 , 1.23897 , 0.04 , 1.162 , 4 , 709 , 14.19 , 14.19 , 14.19 , 723.19 , 723.19 , 0 , 146 , 176 , 0.029517 , 58 , 0.11822 , 55 , 0.005341 , 0 , 0 , 0 , 0 , 1
SVRP-SRI-PR-SCENOPT_CUTS , ./data/Jabali/k4/40_4_0.85_1_5.svrp , 723.19 , 719.268 , 0.542304 , 60.054 , 60.504 , 4 , 709 , 14.19 , 14.19 , 14.19 , 723.19 , 723.19 , 0 , 82 , 152 , 3.22665 , 10 , 0.021138 , 0 , 0 , 2621 , 36.9928 , 52 , 0.007514 , 1
SVRP-SRI-PR-SCENOPT_CUTS-ProjectedSRI , ./data/Jabali/k4/40_4_0.85_1_5.svrp , 723.19 , 719.33 , 0.533717 , 60.119 , 60.688 , 4 , 709 , 14.19 , 14.19 , 14.19 , 723.19 , 723.19 , 0 , 83 , 160 , 3.26066 , 8 , 0.012146 , 0 , 0 , 2621 , 36.5184 , 50 , 0.009031 , 1
SVRP-SET-PR-SCENOPT_CUTS , ./data/Jabali/k4/40_4_0.85_1_6.svrp , 677.04 , 663.171 , 2.0485 , 0.057 , 4.784 , 4 , 667 , 10.04 , 10.04 , 10.34 , 677.04 , 677.04 , 0 , 1743 , 506 , 0.284212 , 100 , 0.209272 , 108 , 0.026547 , 0 , 0 , 0 , 0 , 1
SVRP-SRI-PR-SCENOPT_CUTS , ./data/Jabali/k4/40_4_0.85_1_6.svrp , 677.04 , 666.59 , 1.54341 , 50.194 , 53.362 , 4 , 667 , 10.04 , 10.04 , 10.34 , 677.04 , 677.04 , 0 , 885 , 449 , 1.35296 , 76 , 0.176298 , 0 , 0 , 1926 , 26.9237 , 127 , 0.073272 , 1
SVRP-SRI-PR-SCENOPT_CUTS-ProjectedSRI , ./data/Jabali/k4/40_4_0.85_1_6.svrp , 677.04 , 666.563 , 1.54743 , 48.551 , 51.154 , 4 , 667 , 10.04 , 10.04 , 10.34 , 677.04 , 677.04 , 0 , 898 , 457 , 1.34451 , 52 , 0.11805 , 0 , 0 , 1926 , 26.3966 , 117 , 0.07362 , 1
SVRP-SET-PR-SCENOPT_CUTS , ./data/Jabali/k4/40_4_0.85_1_7.svrp , 679.06 , 654.781 , 3.57544 , 0.046 , 25.267 , 4 , 668 , 11.06 , 11.06 , 11.11 , 679.06 , 679.06 , 0 , 6123 , 1098 , 1.01455 , 276 , 0.748813 , 208 , 0.311223 , 0 , 0 , 0 , 0 , 1
SVRP-SRI-PR-SCENOPT_CUTS , ./data/Jabali/k4/40_4_0.85_1_7.svrp , 679.06 , 663.052 , 2.3573 , 60.115 , 104.174 , 4 , 668 , 11.06 , 11.06 , 11.11 , 679.06 , 679.06 , 0 , 7357 , 1221 , 3.38491 , 264 , 0.802557 , 0 , 0 , 2261 , 38.393 , 291 , 0.741464 , 1
SVRP-SRI-PR-SCENOPT_CUTS-ProjectedSRI , ./data/Jabali/k4/40_4_0.85_1_7.svrp , 679.06 , 663.052 , 2.3573 , 60.13 , 84.234 , 4 , 668 , 11.06 , 11.06 , 11.11 , 679.06 , 679.06 , 9.65534e-06 , 4200 , 1114 , 2.711 , 178 , 0.54583 , 0 , 0 , 2261 , 38.2013 , 243 , 0.40921 , 1
SVRP-SET-PR-SCENOPT_CUTS , ./data/Jabali/k4/40_4_0.85_1_8.svrp , 685.86 , 668.208 , 2.57366 , 0.055 , 5.401 , 4 , 662 , 23.86 , 23.86 , 25.99 , 685.86 , 685.86 , 0 , 749 , 396 , 0.135349 , 86 , 0.26586 , 68 , 0.029694 , 0 , 0 , 0 , 0 , 1
SVRP-SRI-PR-SCENOPT_CUTS , ./data/Jabali/k4/40_4_0.85_1_8.svrp , 685.86 , 675.973 , 1.44157 , 60.133 , 61.017 , 4 , 662 , 23.86 , 23.86 , 25.99 , 685.86 , 685.86 , 0 , 318 , 233 , 1.9447 , 23 , 0.055086 , 0 , 0 , 2090 , 38.7032 , 73 , 0.025015 , 1
SVRP-SRI-PR-SCENOPT_CUTS-ProjectedSRI , ./data/Jabali/k4/40_4_0.85_1_8.svrp , 685.86 , 676.061 , 1.4287 , 60.032 , 60.926 , 4 , 662 , 23.86 , 23.86 , 25.99 , 685.86 , 685.86 , 0 , 282 , 226 , 1.94109 , 16 , 0.059906 , 0 , 0 , 2090 , 38.552 , 72 , 0.021911 , 1
SVRP-SET-PR-SCENOPT_CUTS , ./data/Jabali/k4/40_4_0.85_1_9.svrp , 683.18 , 656.105 , 3.96306 , 0.028 , 2.945 , 4 , 668 , 15.18 , 15.18 , 16.88 , 683.18 , 683.18 , 0 , 929 , 396 , 0.105541 , 170 , 0.298273 , 157 , 0.047049 , 0 , 0 , 0 , 0 , 1
SVRP-SRI-PR-SCENOPT_CUTS , ./data/Jabali/k4/40_4_0.85_1_9.svrp , 683.18 , 676.187 , 1.02364 , 51.255 , 52.441 , 4 , 668 , 15.18 , 15.18 , 16.88 , 683.18 , 683.18 , 0 , 476 , 267 , 2.18015 , 42 , 0.1087 , 0 , 0 , 2429 , 30.9593 , 128 , 0.045603 , 1
SVRP-SRI-PR-SCENOPT_CUTS-ProjectedSRI , ./data/Jabali/k4/40_4_0.85_1_9.svrp , 683.18 , 676.187 , 1.02364 , 49.403 , 50.908 , 4 , 668 , 15.18 , 15.18 , 16.88 , 683.18 , 683.18 , 0 , 243 , 263 , 2.1122 , 30 , 0.088263 , 0 , 0 , 2429 , 29.0678 , 118 , 0.025676 , 1
SVRP-SET-PR-SCENOPT_CUTS , ./data/Jabali/k4/50_4_0.80_1_0.svrp , 748.01 , 739.236 , 1.17296 , 0.049 , 2.79 , 4 , 745 , 3.01 , 3.01 , 3.04 , 748.01 , 748.01 , 0 , 582 , 443 , 0.173923 , 74 , 0.182613 , 73 , 0.016727 , 0 , 0 , 0 , 0 , 1
SVRP-SRI-PR-SCENOPT_CUTS , ./data/Jabali/k4/50_4_0.80_1_0.svrp , 748.01 , 740.407 , 1.01647 , 60.082 , 62.322 , 4 , 745 , 3.01 , 3.01 , 3.04 , 748.01 , 748.01 , 0 , 128 , 304 , 5.14591 , 27 , 0.056567 , 0 , 0 , 5098 , 2.41974 , 60 , 0.025733 , 1
SVRP-SRI-PR-SCENOPT_CUTS-ProjectedSRI , ./data/Jabali/k4/50_4_0.80_1_0.svrp , 748.01 , 741.431 , 0.879519 , 60.073 , 62.398 , 4 , 745 , 3.01 , 3.01 , 3.04 , 748.01 , 748.01 , 0 , 307 , 397 , 5.3077 , 26 , 0.083339 , 0 , 0 , 5184 , 2.49925 , 59 , 0.050734 , 1
SVRP-SET-PR-SCENOPT_CUTS , ./data/Jabali/k4/50_4_0.80_1_1.svrp , 721.82 , 714.672 , 0.990304 , 0.13 , 1.555 , 4 , 710 , 11.82 , 11.82 , 12.85 , 721.82 , 721.82 , 0 , 121 , 276 , 0.04883 , 36 , 0.060576 , 35 , 0.006557 , 0 , 0 , 0 , 0 , 1
SVRP-SRI-PR-SCENOPT_CUTS , ./data/Jabali/k4/50_4_0.80_1_1.svrp , 721.82 , 716.137 , 0.787296 , 60.122 , 60.839 , 4 , 710 , 11.82 , 11.82 , 12.85 , 721.82 , 721.82 , 0 , 39 , 280 , 4.87587 , 16 , 0.029327 , 0 , 0 , 5927 , 3.64365 , 34 , 0.012664 , 1
SVRP-SRI-PR-SCENOPT_CUTS-ProjectedSRI , ./data/Jabali/k4/50_4_0.80_1_1.svrp , 721.82 , 716.882 , 0.684128 , 60.12 , 61.063 , 4 , 710 , 11.82 , 11.82 , 12.85 , 721.82 , 721.82 , 0 , 33 , 305 , 4.82199 , 9 , 0.016378 , 0 , 0 , 5755 , 3.62779 , 30 , 0.013894 , 1
SVRP-SET-PR-SCENOPT_CUTS , ./data/Jabali/k4/50_4_0.80_1_2.svrp , 744.42 , 744.202 , 0.0293091 , 0.048 , 0.287 , 4 , 739 , 5.42 , 5.42 , 5.47 , 744.42 , 744.42 , 0 , 1 , 105 , 0.008475 , 5 , 0.005469 , 7 , 0.001535 , 0 , 0 , 0 , 0 , 1
SVRP-SRI-PR-SCENOPT_CUTS , ./data/Jabali/k4/50_4_0.80_1_2.svrp , 744.42 , 744.42 , 0 , 31.96 , 32.118 , 4 , 739 , 5.42 , 5.42 , 5.47 , 744.42 , 744.42 , 0 , 1 , 168 , 1.04378 , 0 , 0.001806 , 0 , 0 , 2172 , 8.20896 , 61 , 0.005908 , 1
SVRP-SRI-PR-SCENOPT_CUTS-ProjectedSRI , ./data/Jabali/k4/50_4_0.80_1_2.svrp , 744.42 , 744.42 , 0 , 32.159 , 32.321 , 4 , 739 , 5.42 , 5.42 , 5.47 , 744.42 , 744.42 , 0 , 1 , 168 , 1.03845 , 0 , 0.001748 , 0 , 0 , 2172 , 8.42922 , 61 , 0.005886 , 1
SVRP-SET-PR-SCENOPT_CUTS , ./data/Jabali/k4/50_4_0.80_1_3.svrp , 735.05 , 725.939 , 1.23945 , 0.078 , 23.304 , 4 , 734 , 1.05 , 1.05 , 1.05 , 735.05 , 735.05 , 0 , 1717 , 1259 , 0.816918 , 134 , 0.326014 , 126 , 0.04063 , 0 , 0 , 0 , 0 , 1
SVRP-SRI-PR-SCENOPT_CUTS , ./data/Jabali/k4/50_4_0.80_1_3.svrp , 735.05 , 729.453 , 0.761496 , 60.093 , 79.629 , 4 , 734 , 1.05 , 1.05 , 1.05 , 735.05 , 735.05 , 0 , 1063 , 1080 , 4.60851 , 119 , 0.224352 , 0 , 0 , 3456 , 3.75079 , 169 , 0.226302 , 1
SVRP-SRI-PR-SCENOPT_CUTS-ProjectedSRI , ./data/Jabali/k4/50_4_0.80_1_3.svrp , 735.05 , 730.175 , 0.663283 , 60.103 , 66.214 , 4 , 734 , 1.05 , 1.05 , 1.05 , 735.05 , 735.05 , 0 , 564 , 721 , 4.51056 , 41 , 0.128993 , 0 , 0 , 3482 , 3.93651 , 102 , 0.114011 , 1
SVRP-SET-PR-SCENOPT_CUTS , ./data/Jabali/k4/50_4_0.80_1_4.svrp , 715.92 , 701.05 , 2.07705 , 0.142 , 277.282 , 4 , 705 , 10.92 , 10.92 , 11.91 , 715.92 , 715.92 , 0 , 21082 , 3052 , 3.195 , 1499 , 5.97287 , 1186 , 0.613565 , 0 , 0 , 0 , 0 , 1
SVRP-SRI-PR-SCENOPT_CUTS , ./data/Jabali/k4/50_4_0.80_1_4.svrp , 715.92 , 703.98 , 1.66785 , 60.176 , 203.803 , 4 , 705 , 10.92 , 10.92 , 11.91 , 715.92 , 715.92 , 0 , 13577 , 1990 , 5.48954 , 958 , 4.32823 , 0 , 0 , 3107 , 2.59774 , 931 , 1.74805 , 1
SVRP-SRI-PR-SCENOPT_CUTS-ProjectedSRI , ./data/Jabali/k4/50_4_0.80_1_4.svrp , 715.92 , 703.988 , 1.66663 , 60.112 , 173.464 , 4 , 705 , 10.92 , 10.92 , 11.91 , 715.92 , 715.92 , 0 , 12275 , 2033 , 5.66033 , 453 , 2.88349 , 0 , 0 , 3092 , 2.56972 , 533 , 1.64384 , 1
SVRP-SET-PR-SCENOPT_CUTS , ./data/Jabali/k4/50_4_0.80_1_5.svrp , 821.45 , 814.602 , 0.833587 , 0.064 , 1.709 , 4 , 815 , 6.45 , 6.45 , 6.54 , 821.45 , 821.45 , 0 , 266 , 273 , 0.086876 , 26 , 0.042005 , 38 , 0.006727 , 0 , 0 , 0 , 0 , 1
SVRP-SRI-PR-SCENOPT_CUTS , ./data/Jabali/k4/50_4_0.80_1_5.svrp , 821.45 , 816.29 , 0.628135 , 60.122 , 62.104 , 4 , 815 , 6.45 , 6.45 , 6.54 , 821.45 , 821.45 , 0 , 223 , 300 , 2.99802 , 36 , 0.058487 , 0 , 0 , 3703 , 2.3727 , 99 , 0.039985 , 1
SVRP-SRI-PR-SCENOPT_CUTS-ProjectedSRI , ./data/Jabali/k4/50_4_0.80_1_5.svrp , 821.45 , 814.821 , 0.806993 , 60.155 , 62.094 , 4 , 815 , 6.45 , 6.45 , 6.54 , 821.45 , 821.45 , 0 , 249 , 340 , 3.23764 , 27 , 0.066704 , 0 , 0 , 3902 , 2.75199 , 95 , 0.043809 , 1
SVRP-SET-PR-SCENOPT_CUTS , ./data/Jabali/k4/50_4_0.80_1_6.svrp , 755.99 , 735.29 , 2.7382 , 0.088 , 732.431 , 4 , 731 , 24.99 , 24.99 , 24.99 , 755.99 , 755.99 , 5.09593e-05 , 65685 , 3816 , 9.96568 , 1251 , 19.7737 , 1171 , 2.34765 , 0 , 0 , 0 , 0 , 1
SVRP-SRI-PR-SCENOPT_CUTS , ./data/Jabali/k4/50_4_0.80_1_6.svrp , 755.99 , 737.185 , 2.48745 , 60.057 , 439.665 , 4 , 731 , 24.99 , 24.99 , 24.99 , 755.99 , 755.99 , 0 , 32238 , 3545 , 7.38487 , 1194 , 8.95962 , 0 , 0 , 671 , 56.5899 , 1170 , 4.4918 , 1
SVRP-SRI-PR-SCENOPT_CUTS-ProjectedSRI , ./data/Jabali/k4/50_4_0.80_1_6.svrp , 755.99 , 737.185 , 2.48745 , 60.11 , 363.791 , 4 , 731 , 24.99 , 24.99 , 24.99 , 755.99 , 755.99 , 0 , 26518 , 3064 , 5.05495 , 778 , 9.08948 , 0 , 0 , 671 , 56.7197 , 816 , 3.10641 , 1
SVRP-SET-PR-SCENOPT_CUTS , ./data/Jabali/k4/50_4_0.80_1_7.svrp , 714.01 , 689.432 , 3.44222 , 0.124 , 245.765 , 4 , 703 , 11.01 , 11.01 , 11.09 , 714.01 , 714.01 , 0 , 17406 , 2887 , 5.00502 , 356 , 1.26245 , 384 , 0.276286 , 0 , 0 , 0 , 0 , 1
SVRP-SRI-PR-SCENOPT_CUTS , ./data/Jabali/k4/50_4_0.80_1_7.svrp , 714.01 , 690.886 , 3.23866 , 60.132 , 185.757 , 4 , 703 , 11.01 , 11.01 , 11.09 , 714.01 , 714.01 , 0 , 8238 , 2454 , 6.16506 , 304 , 1.04376 , 0 , 0 , 2885 , 3.53786 , 406 , 1.65264 , 1
SVRP-SRI-PR-SCENOPT_CUTS-ProjectedSRI , ./data/Jabali/k4/50_4_0.80_1_7.svrp , 714.01 , 691.435 , 3.16178 , 60.138 , 411.459 , 4 , 703 , 11.01 , 11.01 , 11.09 , 714.01 , 714.01 , 0 , 10953 , 4000 , 7.36764 , 381 , 1.45411 , 0 , 0 , 2846 , 3.52663 , 488 , 2.10535 , 1
SVRP-SET-PR-SCENOPT_CUTS , ./data/Jabali/k4/50_4_0.80_1_8.svrp , 742.86 , 728.909 , 1.87805 , 0.048 , 5.575 , 4 , 732 , 10.86 , 10.86 , 10.86 , 742.86 , 742.86 , 0 , 1315 , 514 , 0.203634 , 81 , 0.236543 , 78 , 0.026206 , 0 , 0 , 0 , 0 , 1
SVRP-SRI-PR-SCENOPT_CUTS , ./data/Jabali/k4/50_4_0.80_1_8.svrp , 742.86 , 734.359 , 1.14441 , 52.319 , 54.807 , 4 , 732 , 10.86 , 10.86 , 10.86 , 742.86 , 742.86 , 0 , 910 , 432 , 0.661344 , 71 , 0.183106 , 0 , 0 , 628 , 49.2569 , 106 , 0.13799 , 1
SVRP-SRI-PR-SCENOPT_CUTS-ProjectedSRI , ./data/Jabali/k4/50_4_0.80_1_8.svrp , 742.86 , 734.36 , 1.14424 , 52.479 , 54.415 , 4 , 732 , 10.86 , 10.86 , 10.86 , 742.86 , 742.86 , 0 , 727 , 340 , 0.629916 , 39 , 0.116283 , 0 , 0 , 628 , 49.4973 , 80 , 0.113504 , 1
SVRP-SET-PR-SCENOPT_CUTS , ./data/Jabali/k4/50_4_0.80_1_9.svrp , 693.27 , 681.889 , 1.64164 , 0.089 , 5.33 , 4 , 692 , 1.27 , 1.27 , 1.27 , 693.27 , 693.27 , 0 , 972 , 579 , 0.225167 , 43 , 0.159294 , 48 , 0.032374 , 0 , 0 , 0 , 0 , 1
SVRP-SRI-PR-SCENOPT_CUTS , ./data/Jabali/k4/50_4_0.80_1_9.svrp , 693.27 , 688.605 , 0.672905 , 60.11 , 62.17 , 4 , 692 , 1.27 , 1.27 , 1.27 , 693.27 , 693.27 , 0 , 323 , 289 , 3.9882 , 17 , 0.060448 , 0 , 0 , 2761 , 20.9305 , 67 , 0.065571 , 1
SVRP-SRI-PR-SCENOPT_CUTS-ProjectedSRI , ./data/Jabali/k4/50_4_0.80_1_9.svrp , 693.27 , 688.585 , 0.675841 , 60.165 , 61.798 , 4 , 692 , 1.27 , 1.27 , 1.27 , 693.27 , 693.27 , 0 , 161 , 256 , 3.94973 , 11 , 0.043435 , 0 , 0 , 2761 , 20.872 , 65 , 0.042101 , 1
SVRP-SET-PR-SCENOPT_CUTS , ./data/Jabali/k4/50_4_0.82_1_0.svrp , 754.59 , 743.932 , 1.4124 , 0.1 , 1.785 , 4 , 739 , 15.59 , 15.59 , 17.66 , 754.59 , 754.59 , 0 , 557 , 312 , 0.07875 , 63 , 0.271141 , 43 , 0.015127 , 0 , 0 , 0 , 0 , 1
SVRP-SRI-PR-SCENOPT_CUTS , ./data/Jabali/k4/50_4_0.82_1_0.svrp , 754.59 , 750.227 , 0.578232 , 60.107 , 61.911 , 4 , 739 , 15.59 , 15.59 , 17.66 , 754.59 , 754.59 , 0 , 164 , 406 , 2.70134 , 22 , 0.088586 , 0 , 0 , 4724 , 1.84395 , 57 , 0.025744 , 1
SVRP-SRI-PR-SCENOPT_CUTS-ProjectedSRI , ./data/Jabali/k4/50_4_0.82_1_0.svrp , 754.59 , 750.382 , 0.557672 , 60.131 , 61.332 , 4 , 739 , 15.59 , 15.59 , 17.66 , 754.59 , 754.59 , 0 , 70 , 375 , 2.52193 , 8 , 0.029607 , 0 , 0 , 4435 , 1.74904 , 50 , 0.016781 , 1
SVRP-SET-PR-SCENOPT_CUTS , ./data/Jabali/k4/50_4_0.82_1_1.svrp , 733.98 , 718.951 , 2.04762 , 0.052 , 14.042 , 4 , 730 , 3.98 , 3.98 , 4.27 , 733.98 , 733.98 , 0 , 1212 , 1023 , 0.276279 , 235 , 0.633825 , 171 , 0.04471 , 0 , 0 , 0 , 0 , 1
SVRP-SRI-PR-SCENOPT_CUTS , ./data/Jabali/k4/50_4_0.82_1_1.svrp , 733.98 , 727.601 , 0.86907 , 60.224 , 63.246 , 4 , 730 , 3.98 , 3.98 , 4.27 , 733.98 , 733.98 , 0 , 358 , 406 , 3.07811 , 67 , 0.140197 , 0 , 0 , 2175 , 22.6767 , 115 , 0.076085 , 1
SVRP-SRI-PR-SCENOPT_CUTS-ProjectedSRI , ./data/Jabali/k4/50_4_0.82_1_1.svrp , 733.98 , 727.808 , 0.840834 , 60.261 , 63.136 , 4 , 730 , 3.98 , 3.98 , 4.27 , 733.98 , 733.98 , 0 , 327 , 405 , 3.09358 , 50 , 0.12721 , 0 , 0 , 2175 , 22.5506 , 108 , 0.063872 , 1
SVRP-SET-PR-SCENOPT_CUTS , ./data/Jabali/k4/50_4_0.82_1_2.svrp , 721.35 , 699.602 , 3.01484 , 0.072 , 104.265 , 4 , 711 , 10.35 , 10.35 , 13.03 , 721.35 , 721.35 , 0 , 6940 , 2112 , 2.20201 , 187 , 0.670016 , 173 , 0.122217 , 0 , 0 , 0 , 0 , 1
SVRP-SRI-PR-SCENOPT_CUTS , ./data/Jabali/k4/50_4_0.82_1_2.svrp , 721.35 , 708.494 , 1.78223 , 60.098 , 77.361 , 4 , 711 , 10.35 , 10.35 , 13.03 , 721.35 , 721.35 , 0 , 1631 , 1080 , 3.11222 , 103 , 0.297571 , 0 , 0 , 4620 , 2.56246 , 167 , 0.270299 , 1
SVRP-SRI-PR-SCENOPT_CUTS-ProjectedSRI , ./data/Jabali/k4/50_4_0.82_1_2.svrp , 721.35 , 707.932 , 1.86012 , 60.097 , 72.737 , 4 , 711 , 10.35 , 10.35 , 13.03 , 721.35 , 721.35 , 0 , 1328 , 886 , 2.91435 , 50 , 0.151366 , 0 , 0 , 4607 , 2.51962 , 124 , 0.182678 , 1
SVRP-SET-PR-SCENOPT_CUTS , ./data/Jabali/k4/50_4_0.82_1_3.svrp , 784.29 , 764.239 , 2.55655 , 0.091 , 26.38 , 4 , 774 , 10.29 , 10.29 , 10.79 , 784.29 , 784.29 , 0 , 2638 , 1085 , 0.704567 , 146 , 0.330051 , 146 , 0.060955 , 0 , 0 , 0 , 0 , 1
SVRP-SRI-PR-SCENOPT_CUTS , ./data/Jabali/k4/50_4_0.82_1_3.svrp , 784.29 , 771.382 , 1.64578 , 60.108 , 78.288 , 4 , 774 , 10.29 , 10.29 , 10.79 , 784.29 , 784.29 , 0 , 2169 , 1074 , 2.86583 , 91 , 0.255999 , 0 , 0 , 3799 , 1.76752 , 125 , 0.406579 , 1
SVRP-SRI-PR-SCENOPT_CUTS-ProjectedSRI , ./data/Jabali/k4/50_4_0.82_1_3.svrp , 784.29 , 771.163 , 1.67377 , 60.117 , 83.298 , 4 , 774 , 10.29 , 10.29 , 10.79 , 784.29 , 784.29 , 0 , 2306 , 1155 , 2.89584 , 114 , 0.343473 , 0 , 0 , 3793 , 1.7676 , 169 , 0.41338 , 1
SVRP-SET-PR-SCENOPT_CUTS , ./data/Jabali/k4/50_4_0.82_1_4.svrp , 757.4 , 735.54 , 2.88619 , 0.052 , 24.48 , 4 , 752 , 5.4 , 5.4 , 5.58 , 757.4 , 757.4 , 0 , 2865 , 1032 , 0.77695 , 117 , 0.311574 , 104 , 0.053867 , 0 , 0 , 0 , 0 , 1
SVRP-SRI-PR-SCENOPT_CUTS , ./data/Jabali/k4/50_4_0.82_1_4.svrp , 757.4 , 744.025 , 1.76585 , 60.106 , 66.537 , 4 , 752 , 5.4 , 5.4 , 5.58 , 757.4 , 757.4 , 0 , 1254 , 566 , 4.87341 , 56 , 0.12874 , 0 , 0 , 3444 , 4.72965 , 125 , 0.195686 , 1
SVRP-SRI-PR-SCENOPT_CUTS-ProjectedSRI , ./data/Jabali/k4/50_4_0.82_1_4.svrp , 757.4 , 742.587 , 1.95572 , 60.097 , 79.419 , 4 , 752 , 5.4 , 5.4 , 5.58 , 757.4 , 757.4 , 0 , 1531 , 794 , 5.05586 , 72 , 0.198143 , 0 , 0 , 3435 , 4.61958 , 151 , 0.32406 , 1
SVRP-SET-PR-SCENOPT_CUTS , ./data/Jabali/k4/50_4_0.82_1_5.svrp , 747.79 , 734.234 , 1.81286 , 0.138 , 13.322 , 4 , 731 , 16.79 , 16.79 , 17.18 , 747.79 , 747.79 , 0 , 983 , 679 , 0.368923 , 126 , 0.363796 , 89 , 0.032077 , 0 , 0 , 0 , 0 , 1
SVRP-SRI-PR-SCENOPT_CUTS , ./data/Jabali/k4/50_4_0.82_1_5.svrp , 747.79 , 740.407 , 0.987269 , 60.097 , 65.21 , 4 , 731 , 16.79 , 16.79 , 17.18 , 747.79 , 747.79 , 0 , 456 , 499 , 4.90524 , 86 , 0.242748 , 0 , 0 , 3900 , 3.29207 , 127 , 0.089605 , 1
SVRP-SRI-PR-SCENOPT_CUTS-ProjectedSRI , ./data/Jabali/k4/50_4_0.82_1_5.svrp , 747.79 , 740.077 , 1.03139 , 60.1 , 62.482 , 4 , 731 , 16.79 , 16.79 , 17.18 , 747.79 , 747.79 , 0 , 224 , 321 , 4.80894 , 14 , 0.052474 , 0 , 0 , 3880 , 3.27791 , 77 , 0.042498 , 1
SVRP-SET-PR-SCENOPT_CUTS , ./data/Jabali/k4/50_4_0.82_1_6.svrp , 737.3 , 727 , 1.39699 , 0.052 , 1.992 , 4 , 730 , 7.3 , 7.3 , 7.32 , 737.3 , 737.3 , 0 , 217 , 291 , 0.077439 , 25 , 0.061626 , 29 , 0.006791 , 0 , 0 , 0 , 0 , 1
SVRP-SRI-PR-SCENOPT_CUTS , ./data/Jabali/k4/50_4_0.82_1_6.svrp , 737.3 , 732.161 , 0.697018 , 60.097 , 62.443 , 4 , 730 , 7.3 , 7.3 , 7.32 , 737.3 , 737.3 , 0 , 157 , 247 , 4.35141 , 18 , 0.073199 , 0 , 0 , 2405 , 5.88818 , 72 , 0.037731 , 1
SVRP-SRI-PR-SCENOPT_CUTS-ProjectedSRI , ./data/Jabali/k4/50_4_0.82_1_6.svrp , 737.3 , 732.266 , 0.682794 , 60.104 , 61.508 , 4 , 730 , 7.3 , 7.3 , 7.32 , 737.3 , 737.3 , 0 , 173 , 223 , 4.60943 , 12 , 0.059979 , 0 , 0 , 2432 , 6.31281 , 68 , 0.041604 , 1
SVRP-SET-PR-SCENOPT_CUTS , ./data/Jabali/k4/50_4_0.82_1_7.svrp , 728.18 , 714.2 , 1.91991 , 0.062 , 6.322 , 4 , 717 , 11.18 , 11.18 , 11.57 , 728.18 , 728.18 , 0 , 788 , 654 , 0.175692 , 64 , 0.233714 , 49 , 0.049336 , 0 , 0 , 0 , 0 , 1
SVRP-SRI-PR-SCENOPT_CUTS , ./data/Jabali/k4/50_4_0.82_1_7.svrp , 728.18 , 723.891 , 0.589045 , 60.106 , 62.487 , 4 , 717 , 11.18 , 11.18 , 11.57 , 728.18 , 728.18 , 0 , 362 , 415 , 2.34565 , 21 , 0.103936 , 0 , 0 , 1678 , 48.6709 , 66 , 0.053741 , 1
SVRP-SRI-PR-SCENOPT_CUTS-ProjectedSRI , ./data/Jabali/k4/50_4_0.82_1_7.svrp , 728.18 , 723.891 , 0.589045 , 60.159 , 62.972 , 4 , 717 , 11.18 , 11.18 , 11.57 , 728.18 , 728.18 , 0 , 374 , 470 , 2.35757 , 23 , 0.105385 , 0 , 0 , 1678 , 48.7979 , 76 , 0.058207 , 1
SVRP-SET-PR-SCENOPT_CUTS , ./data/Jabali/k4/50_4_0.82_1_8.svrp , 757.39 , 739.332 , 2.3842 , 0.083 , 17.793 , 4 , 738 , 19.39 , 19.39 , 19.39 , 757.39 , 757.39 , 0 , 2664 , 1053 , 0.593083 , 212 , 0.456344 , 219 , 0.059684 , 0 , 0 , 0 , 0 , 1
SVRP-SRI-PR-SCENOPT_CUTS , ./data/Jabali/k4/50_4_0.82_1_8.svrp , 757.39 , 744.328 , 1.72461 , 60.196 , 85.133 , 4 , 738 , 19.39 , 19.39 , 19.39 , 757.39 , 757.39 , 0 , 3468 , 1090 , 8.93182 , 160 , 0.419128 , 0 , 0 , 2308 , 10.8118 , 231 , 0.597041 , 1
SVRP-SRI-PR-SCENOPT_CUTS-ProjectedSRI , ./data/Jabali/k4/50_4_0.82_1_8.svrp , 757.39 , 744.377 , 1.71819 , 60.315 , 80.389 , 4 , 738 , 19.39 , 19.39 , 19.39 , 757.39 , 757.39 , 0 , 1885 , 1102 , 8.53165 , 139 , 0.452894 , 0 , 0 , 2308 , 10.9382 , 232 , 0.313552 , 1
SVRP-SET-PR-SCENOPT_CUTS , ./data/Jabali/k4/50_4_0.82_1_9.svrp , 741.26 , 723.311 , 2.42148 , 0.115 , 14.01 , 4 , 726 , 15.26 , 15.26 , 16.84 , 741.26 , 741.26 , 0 , 2327 , 1004 , 0.57078 , 226 , 0.600647 , 193 , 0.070247 , 0 , 0 , 0 , 0 , 1
SVRP-SRI-PR-SCENOPT_CUTS , ./data/Jabali/k4/50_4_0.82_1_9.svrp , 741.26 , 728.822 , 1.67791 , 60.09 , 74.493 , 4 , 726 , 15.26 , 15.26 , 16.84 , 741.26 , 741.26 , 0 , 1772 , 858 , 6.75505 , 132 , 0.408415 , 0 , 0 , 2897 , 11.3184 , 192 , 0.295197 , 1
SVRP-SRI-PR-SCENOPT_CUTS-ProjectedSRI , ./data/Jabali/k4/50_4_0.82_1_9.svrp , 741.26 , 729.143 , 1.6346 , 60.091 , 68.886 , 4 , 726 , 15.26 , 15.26 , 16.84 , 741.26 , 741.26 , 0 , 1158 , 765 , 6.55765 , 106 , 0.291435 , 0 , 0 , 2888 , 11.3531 , 181 , 0.16403 , 1
SVRP-SET-PR-SCENOPT_CUTS , ./data/Jabali/k4/50_4_0.85_1_0.svrp , 743.43 , 727.857 , 2.09473 , 0.107 , 11.295 , 4 , 733 , 10.43 , 10.43 , 11.48 , 743.43 , 743.43 , 0 , 923 , 593 , 0.285443 , 77 , 0.160319 , 55 , 0.024367 , 0 , 0 , 0 , 0 , 1
SVRP-SRI-PR-SCENOPT_CUTS , ./data/Jabali/k4/50_4_0.85_1_0.svrp , 743.43 , 734.743 , 1.16848 , 60.162 , 61.605 , 4 , 733 , 10.43 , 10.43 , 11.48 , 743.43 , 743.43 , 0 , 187 , 376 , 3.18565 , 25 , 0.051655 , 0 , 0 , 3242 , 2.15641 , 72 , 0.035457 , 1
SVRP-SRI-PR-SCENOPT_CUTS-ProjectedSRI , ./data/Jabali/k4/50_4_0.85_1_0.svrp , 743.43 , 736.133 , 0.981475 , 60.153 , 61.882 , 4 , 733 , 10.43 , 10.43 , 11.48 , 743.43 , 743.43 , 0 , 253 , 375 , 3.306 , 12 , 0.038858 , 0 , 0 , 3261 , 2.19179 , 70 , 0.046931 , 1
SVRP-SET-PR-SCENOPT_CUTS , ./data/Jabali/k4/50_4_0.85_1_1.svrp , 763.91 , 732.061 , 4.16916 , 0.236 , 1800.05 , 4 , 754 , 9.91 , 9.91 , 13.62 , 763.91 , 758.149 , 0.754202 , 46401 , 7899 , 13.9362 , 2857 , 12.692 , 2255 , 2.30232 , 0 , 0 , 0 , 0 , 0
SVRP-SRI-PR-SCENOPT_CUTS , ./data/Jabali/k4/50_4_0.85_1_1.svrp , 763.65 , 737.894 , 3.3728 , 60.112 , 1492.8 , 4 , 754 , 9.65 , 9.65 , 12.46 , 763.65 , 763.649 , 7.24755e-05 , 39454 , 7262 , 15.6534 , 2894 , 13.2757 , 0 , 0 , 3206 , 4.60892 , 2506 , 6.10071 , 1
SVRP-SRI-PR-SCENOPT_CUTS-ProjectedSRI , ./data/Jabali/k4/50_4_0.85_1_1.svrp , 763.65 , 737.672 , 3.40182 , 60.152 , 1081.82 , 4 , 754 , 9.65 , 9.65 , 12.46 , 763.65 , 763.65 , 0 , 30900 , 6231 , 15.4063 , 1107 , 4.87039 , 0 , 0 , 3214 , 4.6168 , 1235 , 5.13425 , 1
SVRP-SET-PR-SCENOPT_CUTS , ./data/Jabali/k4/50_4_0.85_1_2.svrp , 716.43 , 703.354 , 1.82511 , 0.129 , 17.615 , 4 , 708 , 8.43 , 8.43 , 8.43 , 716.43 , 716.43 , 0 , 1101 , 809 , 0.38371 , 129 , 0.296738 , 126 , 0.032917 , 0 , 0 , 0 , 0 , 1
SVRP-SRI-PR-SCENOPT_CUTS , ./data/Jabali/k4/50_4_0.85_1_2.svrp , 716.43 , 709.905 , 0.910735 , 60.105 , 63.33 , 4 , 708 , 8.43 , 8.43 , 8.43 , 716.43 , 716.43 , 0 , 388 , 460 , 5.30444 , 37 , 0.104477 , 0 , 0 , 2596 , 4.87164 , 103 , 0.0799 , 1
SVRP-SRI-PR-SCENOPT_CUTS-ProjectedSRI , ./data/Jabali/k4/50_4_0.85_1_2.svrp , 716.43 , 710.088 , 0.885223 , 60.115 , 64.098 , 4 , 708 , 8.43 , 8.43 , 8.43 , 716.43 , 716.43 , 0 , 335 , 497 , 5.14979 , 34 , 0.088544 , 0 , 0 , 2578 , 4.70838 , 94 , 0.071699 , 1
SVRP-SET-PR-SCENOPT_CUTS , ./data/Jabali/k4/50_4_0.85_1_3.svrp , 720.24 , 693.632 , 3.69426 , 0.161 , 414.569 , 4 , 704 , 16.24 , 16.24 , 16.24 , 720.24 , 720.24 , 0 , 13944 , 3424 , 7.02951 , 473 , 1.58659 , 410 , 0.253772 , 0 , 0 , 0 , 0 , 1
SVRP-SRI-PR-SCENOPT_CUTS , ./data/Jabali/k4/50_4_0.85_1_3.svrp , 720.24 , 698.611 , 3.00309 , 60.131 , 162.988 , 4 , 704 , 16.24 , 16.24 , 16.24 , 720.24 , 720.24 , 0 , 5520 , 2060 , 6.48878 , 291 , 0.781658 , 0 , 0 , 4329 , 2.0088 , 365 , 0.901344 , 1
SVRP-SRI-PR-SCENOPT_CUTS-ProjectedSRI , ./data/Jabali/k4/50_4_0.85_1_3.svrp , 720.24 , 698.996 , 2.94963 , 60.17 , 302.093 , 4 , 704 , 16.24 , 16.24 , 16.24 , 720.24 , 720.24 , 0 , 8157 , 2866 , 7.73937 , 337 , 1.11501 , 0 , 0 , 4283 , 1.95084 , 426 , 1.40072 , 1
SVRP-SET-PR-SCENOPT_CUTS , ./data/Jabali/k4/50_4_0.85_1_4.svrp , 689.26 , 682.937 , 0.917375 , 0.058 , 0.807 , 4 , 674 , 15.26 , 15.26 , 16.74 , 689.26 , 689.26 , 0 , 108 , 160 , 0.036952 , 25 , 0.061189 , 23 , 0.004957 , 0 , 0 , 0 , 0 , 1
SVRP-SRI-PR-SCENOPT_CUTS , ./data/Jabali/k4/50_4_0.85_1_4.svrp , 689.26 , 682.786 , 0.939322 , 42.561 , 43.699 , 4 , 674 , 15.26 , 15.26 , 16.74 , 689.26 , 689.26 , 0 , 125 , 249 , 0.522341 , 17 , 0.038269 , 0 , 0 , 320 , 40.5813 , 36 , 0.024525 , 1
SVRP-SRI-PR-SCENOPT_CUTS-ProjectedSRI , ./data/Jabali/k4/50_4_0.85_1_4.svrp , 689.26 , 682.642 , 0.960194 , 45.475 , 46.517 , 4 , 674 , 15.26 , 15.26 , 16.74 , 689.26 , 689.26 , 0 , 76 , 234 , 0.51834 , 13 , 0.032467 , 0 , 0 , 320 , 43.4517 , 33 , 0.017965 , 1
SVRP-SET-PR-SCENOPT_CUTS , ./data/Jabali/k4/50_4_0.85_1_5.svrp , 787.61 , 775.811 , 1.49811 , 0.107 , 4.654 , 4 , 778 , 9.61 , 9.61 , 10.38 , 787.61 , 787.61 , 0 , 1507 , 479 , 0.238841 , 91 , 0.227825 , 68 , 0.123698 , 0 , 0 , 0 , 0 , 1
SVRP-SRI-PR-SCENOPT_CUTS , ./data/Jabali/k4/50_4_0.85_1_5.svrp , 787.61 , 778.719 , 1.12888 , 60.089 , 64.814 , 4 , 778 , 9.61 , 9.61 , 10.38 , 787.61 , 787.61 , 0 , 986 , 503 , 1.98088 , 105 , 0.292889 , 0 , 0 , 1140 , 53.0678 , 118 , 0.156931 , 1
SVRP-SRI-PR-SCENOPT_CUTS-ProjectedSRI , ./data/Jabali/k4/50_4_0.85_1_5.svrp , 787.61 , 779.281 , 1.05744 , 60.201 , 63.274 , 4 , 778 , 9.61 , 9.61 , 10.38 , 787.61 , 787.61 , 0 , 718 , 442 , 2.1206 , 40 , 0.177716 , 0 , 0 , 1140 , 52.2762 , 81 , 0.116527 , 1
SVRP-SET-PR-SCENOPT_CUTS , ./data/Jabali/k4/50_4_0.85_1_6.svrp , 769.22 , 752.298 , 2.19983 , 0.148 , 14.702 , 4 , 756 , 13.22 , 13.22 , 13.81 , 769.22 , 769.219 , 9.55896e-05 , 1669 , 756 , 0.52211 , 196 , 0.45224 , 164 , 0.045863 , 0 , 0 , 0 , 0 , 1
SVRP-SRI-PR-SCENOPT_CUTS , ./data/Jabali/k4/50_4_0.85_1_6.svrp , 769.22 , 757.735 , 1.49302 , 60.2 , 78.269 , 4 , 756 , 13.22 , 13.22 , 13.81 , 769.22 , 769.22 , 0 , 1510 , 938 , 6.7432 , 152 , 0.348273 , 0 , 0 , 4577 , 9.73054 , 209 , 0.281702 , 1
SVRP-SRI-PR-SCENOPT_CUTS-ProjectedSRI , ./data/Jabali/k4/50_4_0.85_1_6.svrp , 769.22 , 757.947 , 1.46557 , 60.122 , 81.594 , 4 , 756 , 13.22 , 13.22 , 13.81 , 769.22 , 769.22 , 2.31343e-05 , 2435 , 1002 , 7.00506 , 134 , 0.462782 , 0 , 0 , 4577 , 12.5055 , 205 , 0.455341 , 1
SVRP-SET-PR-SCENOPT_CUTS , ./data/Jabali/k4/50_4_0.85_1_7.svrp , 715.53 , 707.766 , 1.08504 , 0.077 , 1.99 , 4 , 707 , 8.53 , 8.53 , 9.35 , 715.53 , 715.53 , 0 , 438 , 259 , 0.054162 , 77 , 0.210726 , 41 , 0.019596 , 0 , 0 , 0 , 0 , 1
SVRP-SRI-PR-SCENOPT_CUTS , ./data/Jabali/k4/50_4_0.85_1_7.svrp , 715.53 , 715.51 , 0.00279513 , 57.238 , 57.651 , 4 , 707 , 8.53 , 8.53 , 9.35 , 715.53 , 715.53 , 0 , 2 , 223 , 1.04683 , 4 , 0.01189 , 0 , 0 , 1376 , 39.2589 , 64 , 0.008679 , 1
SVRP-SRI-PR-SCENOPT_CUTS-ProjectedSRI , ./data/Jabali/k4/50_4_0.85_1_7.svrp , 715.53 , 715.51 , 0.00279513 , 58.172 , 58.559 , 4 , 707 , 8.53 , 8.53 , 9.35 , 715.53 , 715.53 , 0 , 1 , 223 , 1.05819 , 2 , 0.007969 , 0 , 0 , 1376 , 39.3699 , 64 , 0.007431 , 1
SVRP-SET-PR-SCENOPT_CUTS , ./data/Jabali/k4/50_4_0.85_1_8.svrp , 735.63 , 717.122 , 2.5159 , 0.122 , 42.888 , 4 , 721 , 14.63 , 14.63 , 15.22 , 735.63 , 735.63 , 0 , 6937 , 1162 , 1.92166 , 188 , 0.619534 , 188 , 0.614333 , 0 , 0 , 0 , 0 , 1
SVRP-SRI-PR-SCENOPT_CUTS , ./data/Jabali/k4/50_4_0.85_1_8.svrp , 735.63 , 720.872 , 2.00618 , 60.566 , 82.461 , 4 , 721 , 14.63 , 14.63 , 15.22 , 735.63 , 735.63 , 0 , 3936 , 923 , 7.87823 , 122 , 0.402448 , 0 , 0 , 2582 , 30.197 , 187 , 0.677153 , 1
SVRP-SRI-PR-SCENOPT_CUTS-ProjectedSRI , ./data/Jabali/k4/50_4_0.85_1_8.svrp , 735.63 , 720.863 , 2.00741 , 60.323 , 89.152 , 4 , 721 , 14.63 , 14.63 , 15.22 , 735.63 , 735.63 , 0 , 2657 , 1106 , 6.57617 , 118 , 0.427258 , 0 , 0 , 2572 , 26.9956 , 206 , 0.433768 , 1
SVRP-SET-PR-SCENOPT_CUTS , ./data/Jabali/k4/50_4_0.85_1_9.svrp , 737.99 , 711.678 , 3.56533 , 0.072 , 191.366 , 4 , 722 , 15.99 , 15.99 , 16.71 , 737.99 , 737.99 , 0 , 12830 , 2935 , 3.51582 , 644 , 2.03028 , 648 , 1.03939 , 0 , 0 , 0 , 0 , 1
SVRP-SRI-PR-SCENOPT_CUTS , ./data/Jabali/k4/50_4_0.85_1_9.svrp , 737.99 , 720.417 , 2.38119 , 60.283 , 240.193 , 4 , 722 , 15.99 , 15.99 , 16.71 , 737.99 , 737.989 , 7.55691e-05 , 16407 , 2792 , 8.72512 , 610 , 2.28374 , 0 , 0 , 2056 , 7.82146 , 713 , 2.61395 , 1
SVRP-SRI-PR-SCENOPT_CUTS-ProjectedSRI , ./data/Jabali/k4/50_4_0.85_1_9.svrp , 737.99 , 720.417 , 2.38119 , 60.101 , 329.14 , 4 , 722 , 15.99 , 15.99 , 16.85 , 737.99 , 737.99 , 0 , 11874 , 3741 , 8.32473 , 591 , 2.22107 , 0 , 0 , 2056 , 7.12669 , 732 , 2.11905 , 1
SVRP-SET-PR-SCENOPT_CUTS , ./data/Jabali/k4/60_4_0.80_1_0.svrp , 752.24 , 740.487 , 1.56238 , 0.183 , 15.066 , 4 , 749 , 3.24 , 3.24 , 3.41 , 752.24 , 752.24 , 0 , 1449 , 768 , 0.490785 , 199 , 0.505746 , 157 , 0.061004 , 0 , 0 , 0 , 0 , 1
SVRP-SRI-PR-SCENOPT_CUTS , ./data/Jabali/k4/60_4_0.80_1_0.svrp , 752.24 , 744.2 , 1.06875 , 60.141 , 68.479 , 4 , 749 , 3.24 , 3.24 , 3.41 , 752.24 , 752.24 , 0 , 983 , 548 , 1.58104 , 140 , 0.305133 , 0 , 0 , 4521 , 1.24249 , 180 , 0.32711 , 1
SVRP-SRI-PR-SCENOPT_CUTS-ProjectedSRI , ./data/Jabali/k4/60_4_0.80_1_0.svrp , 752.24 , 744.099 , 1.08217 , 60.143 , 63.598 , 4 , 749 , 3.24 , 3.24 , 3.41 , 752.24 , 752.24 , 0 , 470 , 446 , 1.24259 , 80 , 0.169081 , 0 , 0 , 4143 , 1.16338 , 128 , 0.11847 , 1
SVRP-SET-PR-SCENOPT_CUTS , ./data/Jabali/k4/60_4_0.80_1_1.svrp , 760.98 , 744.03 , 2.22744 , 0.238 , 22.725 , 4 , 742 , 18.98 , 18.98 , 20.02 , 760.98 , 760.98 , 0 , 2963 , 1053 , 1.07591 , 153 , 0.403199 , 118 , 0.075775 , 0 , 0 , 0 , 0 , 1
SVRP-SRI-PR-SCENOPT_CUTS , ./data/Jabali/k4/60_4_0.80_1_1.svrp , 760.98 , 747.559 , 1.76363 , 60.205 , 80.851 , 4 , 749 , 11.98 , 11.98 , 13.04 , 760.98 , 760.98 , 0 , 1681 , 1055 , 3.45067 , 128 , 0.364934 , 0 , 0 , 2915 , 2.59982 , 159 , 0.451269 , 1
SVRP-SRI-PR-SCENOPT_CUTS-ProjectedSRI , ./data/Jabali/k4/60_4_0.80_1_1.svrp , 760.98 , 746.635 , 1.88506 , 60.167 , 80.606 , 4 , 742 , 18.98 , 18.98 , 20.02 , 760.98 , 760.98 , 0 , 1460 , 1009 , 3.70151 , 75 , 0.265834 , 0 , 0 , 2994 , 2.75961 , 151 , 0.419123 , 1
SVRP-SET-PR-SCENOPT_CUTS , ./data/Jabali/k4/60_4_0.80_1_2.svrp , 821.93 , 804.185 , 2.15897 , 0.114 , 13.329 , 4 , 806 , 15.93 , 15.93 , 16.67 , 821.93 , 821.93 , 0 , 1834 , 916 , 0.527852 , 100 , 0.219191 , 90 , 0.04171 , 0 , 0 , 0 , 0 , 1
SVRP-SRI-PR-SCENOPT_CUTS , ./data/Jabali/k4/60_4_0.80_1_2.svrp , 821.93 , 808.855 , 1.59073 , 55.8 , 71.532 , 4 , 806 , 15.93 , 15.93 , 16.69 , 821.93 , 821.93 , 0 , 1114 , 960 , 1.52289 , 110 , 0.277191 , 0 , 0 , 867 , 43.3796 , 144 , 0.317836 , 1
SVRP-SRI-PR-SCENOPT_CUTS-ProjectedSRI , ./data/Jabali/k4/60_4_0.80_1_2.svrp , 821.93 , 808.967 , 1.57715 , 55.9 , 78.927 , 4 , 806 , 15.93 , 15.93 , 16.69 , 821.93 , 821.93 , 0 , 2471 , 1162 , 2.01566 , 94 , 0.395714 , 0 , 0 , 867 , 43.5319 , 146 , 0.694605 , 1
SVRP-SET-PR-SCENOPT_CUTS , ./data/Jabali/k4/60_4_0.80_1_3.svrp , 791.55 , 778.105 , 1.69854 , 0.12 , 50.936 , 4 , 787 , 4.55 , 4.55 , 4.67 , 791.55 , 791.55 , 0 , 4072 , 1605 , 1.04128 , 309 , 0.786123 , 287 , 0.098543 , 0 , 0 , 0 , 0 , 1
SVRP-SRI-PR-SCENOPT_CUTS , ./data/Jabali/k4/60_4_0.80_1_3.svrp , 791.55 , 785.935 , 0.709362 , 60.269 , 64.13 , 4 , 787 , 4.55 , 4.55 , 4.67 , 791.55 , 791.55 , 0 , 568 , 568 , 2.92127 , 70 , 0.118543 , 0 , 0 , 1573 , 42.6573 , 132 , 0.127192 , 1
SVRP-SRI-PR-SCENOPT_CUTS-ProjectedSRI , ./data/Jabali/k4/60_4_0.80_1_3.svrp , 791.55 , 785.829 , 0.722748 , 60.244 , 75.489 , 4 , 787 , 4.55 , 4.55 , 4.67 , 791.55 , 791.55 , 0 , 943 , 957 , 3.11439 , 83 , 0.255873 , 0 , 0 , 1573 , 42.6982 , 156 , 0.282074 , 1
SVRP-SET-PR-SCENOPT_CUTS , ./data/Jabali/k4/60_4_0.80_1_4.svrp , 723.04 , 709.358 , 1.89227 , 0.088 , 8.424 , 4 , 712 , 11.04 , 11.04 , 11.26 , 723.04 , 723.04 , 0 , 1073 , 638 , 0.22795 , 113 , 0.28724 , 81 , 0.03178 , 0 , 0 , 0 , 0 , 1
SVRP-SRI-PR-SCENOPT_CUTS , ./data/Jabali/k4/60_4_0.80_1_4.svrp , 723.04 , 714.376 , 1.19823 , 60.147 , 62.935 , 4 , 712 , 11.04 , 11.04 , 11.26 , 723.04 , 723.04 , 0 , 507 , 435 , 1.73345 , 66 , 0.124379 , 0 , 0 , 2447 , 2.03533 , 106 , 0.12178 , 1
SVRP-SRI-PR-SCENOPT_CUTS-ProjectedSRI , ./data/Jabali/k4/60_4_0.80_1_4.svrp , 723.04 , 714.054 , 1.24285 , 60.135 , 62.557 , 4 , 712 , 11.04 , 11.04 , 11.26 , 723.04 , 723.04 , 0 , 414 , 404 , 1.67346 , 32 , 0.104508 , 0 , 0 , 2433 , 2.01476 , 88 , 0.100028 , 1
SVRP-SET-PR-SCENOPT_CUTS , ./data/Jabali/k4/60_4_0.80_1_5.svrp , 759.23 , 735.424 , 3.13549 , 0.085 , 50.596 , 4 , 757 , 2.23 , 2.23 , 2.29 , 759.23 , 759.23 , 0 , 3837 , 1444 , 1.28632 , 174 , 0.576043 , 156 , 0.108986 , 0 , 0 , 0 , 0 , 1
SVRP-SRI-PR-SCENOPT_CUTS , ./data/Jabali/k4/60_4_0.80_1_5.svrp , 759.23 , 742.35 , 2.22337 , 60.143 , 79.382 , 4 , 757 , 2.23 , 2.23 , 2.29 , 759.23 , 759.23 , 0 , 2395 , 992 , 5.41881 , 53 , 0.17633 , 0 , 0 , 2339 , 11.3029 , 111 , 0.663011 , 1
SVRP-SRI-PR-SCENOPT_CUTS-ProjectedSRI , ./data/Jabali/k4/60_4_0.80_1_5.svrp , 759.23 , 742.556 , 2.19621 , 60.166 , 100.844 , 4 , 757 , 2.23 , 2.23 , 2.29 , 759.23 , 759.23 , 0 , 2418 , 1334 , 5.28519 , 135 , 0.667947 , 0 , 0 , 2320 , 10.828 , 210 , 0.723676 , 1
SVRP-SET-PR-SCENOPT_CUTS , ./data/Jabali/k4/60_4_0.80_1_6.svrp , 758.56 , 751.814 , 0.889326 , 0.121 , 17.862 , 4 , 756 , 2.56 , 2.56 , 2.78 , 758.56 , 758.56 , 0 , 688 , 739 , 0.261322 , 64 , 0.133208 , 57 , 0.023323 , 0 , 0 , 0 , 0 , 1
SVRP-SRI-PR-SCENOPT_CUTS , ./data/Jabali/k4/60_4_0.80_1_6.svrp , 758.56 , 752.968 , 0.737153 , 44.08 , 51.577 , 4 , 756 , 2.56 , 2.56 , 2.78 , 758.56 , 758.56 , 0 , 551 , 668 , 0.820936 , 59 , 0.145819 , 0 , 0 , 1560 , 33.6204 , 71 , 0.163132 , 1
SVRP-SRI-PR-SCENOPT_CUTS-ProjectedSRI , ./data/Jabali/k4/60_4_0.80_1_6.svrp , 758.56 , 753.222 , 0.703642 , 43.364 , 47.967 , 4 , 756 , 2.56 , 2.56 , 2.78 , 758.56 , 758.56 , 0 , 315 , 563 , 0.699346 , 20 , 0.086835 , 0 , 0 , 1560 , 33.4457 , 49 , 0.079801 , 1
SVRP-SET-PR-SCENOPT_CUTS , ./data/Jabali/k4/60_4_0.80_1_7.svrp , 763.27 , 747.007 , 2.13068 , 0.099 , 48.51 , 4 , 760 , 3.27 , 3.27 , 4.11 , 763.27 , 763.27 , 0 , 4071 , 1382 , 1.29086 , 190 , 0.488956 , 161 , 0.099415 , 0 , 0 , 0 , 0 , 1
SVRP-SRI-PR-SCENOPT_CUTS , ./data/Jabali/k4/60_4_0.80_1_7.svrp , 763.27 , 751.894 , 1.49047 , 60.204 , 66.139 , 4 , 760 , 3.27 , 3.27 , 4.11 , 763.27 , 763.27 , 0 , 687 , 532 , 1.75211 , 91 , 0.220599 , 0 , 0 , 3305 , 1.95528 , 124 , 0.174473 , 1
SVRP-SRI-PR-SCENOPT_CUTS-ProjectedSRI , ./data/Jabali/k4/60_4_0.80_1_7.svrp , 763.27 , 751.047 , 1.60137 , 60.134 , 77.243 , 4 , 760 , 3.27 , 3.27 , 4.11 , 763.27 , 763.27 , 0 , 1102 , 946 , 1.91826 , 101 , 0.282328 , 0 , 0 , 3339 , 1.94484 , 143 , 0.311336 , 1
SVRP-SET-PR-SCENOPT_CUTS , ./data/Jabali/k4/60_4_0.80_1_8.svrp , 787.6 , 775.437 , 1.54432 , 0.08 , 7.933 , 4 , 783 , 4.6 , 4.6 , 4.6 , 787.6 , 787.6 , 0 , 1788 , 655 , 0.314287 , 213 , 0.548196 , 177 , 0.088018 , 0 , 0 , 0 , 0 , 1
SVRP-SRI-PR-SCENOPT_CUTS , ./data/Jabali/k4/60_4_0.80_1_8.svrp , 787.6 , 778.302 , 1.18058 , 60.168 , 71.565 , 4 , 783 , 4.6 , 4.6 , 4.6 , 787.6 , 787.6 , 0 , 1640 , 635 , 0.879679 , 189 , 0.612071 , 0 , 0 , 1136 , 55.0019 , 207 , 0.403858 , 1
SVRP-SRI-PR-SCENOPT_CUTS-ProjectedSRI , ./data/Jabali/k4/60_4_0.80_1_8.svrp , 787.6 , 778.302 , 1.18058 , 60.223 , 71.613 , 4 , 783 , 4.6 , 4.6 , 4.6 , 787.6 , 787.6 , 0 , 1659 , 630 , 0.88696 , 162 , 0.582897 , 0 , 0 , 1136 , 55.548 , 193 , 0.424844 , 1
SVRP-SET-PR-SCENOPT_CUTS , ./data/Jabali/k4/60_4_0.80_1_9.svrp , 719.5 , 714.395 , 0.709463 , 0.096 , 0.704 , 4 , 708 , 11.5 , 11.5 , 11.54 , 719.5 , 719.5 , 0 , 204 , 169 , 0.027647 , 48 , 0.144306 , 25 , 0.011135 , 0 , 0 , 0 , 0 , 1
SVRP-SRI-PR-SCENOPT_CUTS , ./data/Jabali/k4/60_4_0.80_1_9.svrp , 719.5 , 717.211 , 0.318177 , 44.45 , 44.968 , 4 , 708 , 11.5 , 11.5 , 11.54 , 719.5 , 719.5 , 0 , 85 , 242 , 0.464764 , 33 , 0.082006 , 0 , 0 , 520 , 41.4352 , 42 , 0.025213 , 1
SVRP-SRI-PR-SCENOPT_CUTS-ProjectedSRI , ./data/Jabali/k4/60_4_0.80_1_9.svrp , 719.5 , 717.599 , 0.264267 , 43.345 , 43.821 , 4 , 708 , 11.5 , 11.5 , 11.54 , 719.5 , 719.5 , 0 , 25 , 226 , 0.452509 , 11 , 0.038693 , 0 , 0 , 520 , 40.6152 , 31 , 0.019929 , 1
SVRP-SET-PR-SCENOPT_CUTS , ./data/Jabali/k4/60_4_0.82_1_0.svrp , 719.33 , 715.12 , 0.585332 , 0.074 , 1.108 , 4 , 712 , 7.33 , 7.33 , 7.4 , 719.33 , 719.33 , 0 , 100 , 207 , 0.035676 , 35 , 0.081532 , 25 , 0.007376 , 0 , 0 , 0 , 0 , 1
SVRP-SRI-PR-SCENOPT_CUTS , ./data/Jabali/k4/60_4_0.82_1_0.svrp , 719.33 , 716.258 , 0.426996 , 60.234 , 61.204 , 4 , 712 , 7.33 , 7.33 , 7.4 , 719.33 , 719.33 , 0 , 122 , 224 , 1.34072 , 38 , 0.127163 , 0 , 0 , 1077 , 54.7123 , 71 , 0.044887 , 1
SVRP-SRI-PR-SCENOPT_CUTS-ProjectedSRI , ./data/Jabali/k4/60_4_0.82_1_0.svrp , 719.33 , 716.415 , 0.40524 , 60.203 , 61.013 , 4 , 712 , 7.33 , 7.33 , 7.4 , 719.33 , 719.33 , 0 , 77 , 215 , 1.28083 , 24 , 0.073845 , 0 , 0 , 1077 , 54.7293 , 67 , 0.034569 , 1
SVRP-SET-PR-SCENOPT_CUTS , ./data/Jabali/k4/60_4_0.82_1_1.svrp , 765.47 , 757.55 , 1.03466 , 0.086 , 3.544 , 4 , 756 , 9.47 , 9.47 , 9.87 , 765.47 , 765.47 , 0 , 719 , 323 , 0.119217 , 117 , 0.33879 , 105 , 0.030517 , 0 , 0 , 0 , 0 , 1
SVRP-SRI-PR-SCENOPT_CUTS , ./data/Jabali/k4/60_4_0.82_1_1.svrp , 765.47 , 761.785 , 0.481344 , 60.29 , 61.581 , 4 , 756 , 9.47 , 9.47 , 9.87 , 765.47 , 765.47 , 0 , 296 , 240 , 1.91174 , 55 , 0.229679 , 0 , 0 , 1018 , 49.0071 , 111 , 0.070409 , 1
SVRP-SRI-PR-SCENOPT_CUTS-ProjectedSRI , ./data/Jabali/k4/60_4_0.82_1_1.svrp , 765.47 , 761.758 , 0.484903 , 60.114 , 61.195 , 4 , 756 , 9.47 , 9.47 , 9.87 , 765.47 , 765.47 , 0 , 223 , 246 , 1.90079 , 38 , 0.187008 , 0 , 0 , 1018 , 48.7415 , 97 , 0.050357 , 1
SVRP-SET-PR-SCENOPT_CUTS , ./data/Jabali/k4/60_4_0.82_1_2.svrp , 745.38 , 731.674 , 1.83874 , 0.127 , 29.619 , 4 , 737 , 8.38 , 8.38 , 8.65 , 745.38 , 745.38 , 0 , 1464 , 1089 , 0.500157 , 144 , 0.483788 , 136 , 0.198335 , 0 , 0 , 0 , 0 , 1
SVRP-SRI-PR-SCENOPT_CUTS , ./data/Jabali/k4/60_4_0.82_1_2.svrp , 745.38 , 735.584 , 1.31423 , 60.115 , 66.202 , 4 , 737 , 8.38 , 8.38 , 8.65 , 745.38 , 745.38 , 0 , 485 , 572 , 1.92375 , 43 , 0.128853 , 0 , 0 , 2173 , 1.70938 , 83 , 0.118154 , 1
SVRP-SRI-PR-SCENOPT_CUTS-ProjectedSRI , ./data/Jabali/k4/60_4_0.82_1_2.svrp , 745.38 , 735.619 , 1.30957 , 60.129 , 85.144 , 4 , 737 , 8.38 , 8.38 , 8.65 , 745.38 , 745.38 , 0 , 790 , 928 , 2.03403 , 97 , 0.451021 , 0 , 0 , 2201 , 1.73838 , 157 , 0.233158 , 1
SVRP-SET-PR-SCENOPT_CUTS , ./data/Jabali/k4/60_4_0.82_1_3.svrp , 696.54 , 683.419 , 1.88371 , 0.232 , 4.633 , 4 , 687 , 9.54 , 9.54 , 9.96 , 696.54 , 696.54 , 0 , 994 , 468 , 0.170259 , 117 , 0.346456 , 87 , 0.042813 , 0 , 0 , 0 , 0 , 1
SVRP-SRI-PR-SCENOPT_CUTS , ./data/Jabali/k4/60_4_0.82_1_3.svrp , 696.54 , 689.525 , 1.00711 , 60.435 , 62.899 , 4 , 687 , 9.54 , 9.54 , 9.96 , 696.54 , 696.54 , 0 , 327 , 386 , 2.40308 , 39 , 0.098037 , 0 , 0 , 1785 , 24.2364 , 118 , 0.092918 , 1
SVRP-SRI-PR-SCENOPT_CUTS-ProjectedSRI , ./data/Jabali/k4/60_4_0.82_1_3.svrp , 696.54 , 689.573 , 1.00024 , 60.276 , 62.711 , 4 , 687 , 9.54 , 9.54 , 9.96 , 696.54 , 696.54 , 0 , 284 , 376 , 2.42004 , 28 , 0.106021 , 0 , 0 , 1787 , 25.5958 , 106 , 0.080066 , 1
SVRP-SET-PR-SCENOPT_CUTS , ./data/Jabali/k4/60_4_0.82_1_4.svrp , 717.49 , 713.454 , 0.562489 , 0.169 , 1.458 , 4 , 713 , 4.49 , 4.49 , 5.04 , 717.49 , 717.49 , 0 , 96 , 286 , 0.04126 , 38 , 0.07196 , 40 , 0.007115 , 0 , 0 , 0 , 0 , 1
SVRP-SRI-PR-SCENOPT_CUTS , ./data/Jabali/k4/60_4_0.82_1_4.svrp , 717.49 , 714.93 , 0.356792 , 60.148 , 60.97 , 4 , 713 , 4.49 , 4.49 , 5.04 , 717.49 , 717.49 , 0 , 55 , 374 , 3.46739 , 24 , 0.054734 , 0 , 0 , 817 , 47.7356 , 62 , 0.028058 , 1
SVRP-SRI-PR-SCENOPT_CUTS-ProjectedSRI , ./data/Jabali/k4/60_4_0.82_1_4.svrp , 717.49 , 714.907 , 0.360005 , 60.242 , 61.343 , 4 , 713 , 4.49 , 4.49 , 5.04 , 717.49 , 717.49 , 0 , 34 , 389 , 3.47449 , 13 , 0.046826 , 0 , 0 , 817 , 48.0422 , 50 , 0.029446 , 1
SVRP-SET-PR-SCENOPT_CUTS , ./data/Jabali/k4/60_4_0.82_1_5.svrp , 838.71 , 824.518 , 1.69215 , 0.06 , 8.313 , 4 , 815 , 23.71 , 23.71 , 24.55 , 838.71 , 838.71 , 0 , 2248 , 431 , 0.351327 , 98 , 0.483278 , 96 , 0.084146 , 0 , 0 , 0 , 0 , 1
SVRP-SRI-PR-SCENOPT_CUTS , ./data/Jabali/k4/60_4_0.82_1_5.svrp , 838.71 , 828.38 , 1.23164 , 60.125 , 63.227 , 4 , 815 , 23.71 , 23.71 , 24.55 , 838.71 , 838.71 , 0 , 926 , 386 , 2.59255 , 79 , 0.235985 , 0 , 0 , 2212 , 1.96774 , 105 , 0.200155 , 1
SVRP-SRI-PR-SCENOPT_CUTS-ProjectedSRI , ./data/Jabali/k4/60_4_0.82_1_5.svrp , 838.71 , 828.209 , 1.25202 , 60.118 , 63.12 , 4 , 815 , 23.71 , 23.71 , 24.55 , 838.71 , 838.71 , 0 , 1007 , 418 , 2.63355 , 67 , 0.170224 , 0 , 0 , 2207 , 1.95529 , 100 , 0.242288 , 1
SVRP-SET-PR-SCENOPT_CUTS , ./data/Jabali/k4/60_4_0.82_1_6.svrp , 797.25 , 788 , 1.16024 , 0.057 , 1.407 , 4 , 795 , 2.25 , 2.25 , 2.25 , 797.25 , 797.25 , 0 , 253 , 248 , 0.045234 , 50 , 0.103646 , 44 , 0.011724 , 0 , 0 , 0 , 0 , 1
SVRP-SRI-PR-SCENOPT_CUTS , ./data/Jabali/k4/60_4_0.82_1_6.svrp , 797.25 , 793.738 , 0.440471 , 60.15 , 61.325 , 4 , 795 , 2.25 , 2.25 , 2.25 , 797.25 , 797.25 , 0 , 101 , 264 , 0.815537 , 44 , 0.095685 , 0 , 0 , 897 , 56.3377 , 74 , 0.040936 , 1
SVRP-SRI-PR-SCENOPT_CUTS-ProjectedSRI , ./data/Jabali/k4/60_4_0.82_1_6.svrp , 797.25 , 793.807 , 0.431907 , 60.348 , 61.741 , 4 , 795 , 2.25 , 2.25 , 2.25 , 797.25 , 797.25 , 0 , 179 , 288 , 0.835631 , 31 , 0.096795 , 0 , 0 , 897 , 56.6479 , 69 , 0.060821 , 1
SVRP-SET-PR-SCENOPT_CUTS , ./data/Jabali/k4/60_4_0.82_1_7.svrp , 769.37 , 751.563 , 2.31454 , 0.143 , 141.751 , 4 , 759 , 10.37 , 10.37 , 10.37 , 769.37 , 769.37 , 0 , 7021 , 2541 , 1.95536 , 366 , 1.01688 , 346 , 0.232755 , 0 , 0 , 0 , 0 , 1
SVRP-SRI-PR-SCENOPT_CUTS , ./data/Jabali/k4/60_4_0.82_1_7.svrp , 769.37 , 755.113 , 1.85312 , 60.17 , 130.51 , 4 , 759 , 10.37 , 10.37 , 10.37 , 769.37 , 769.37 , 0 , 6211 , 1793 , 6.32254 , 249 , 0.727919 , 0 , 0 , 2896 , 10.7871 , 298 , 1.76567 , 1
SVRP-SRI-PR-SCENOPT_CUTS-ProjectedSRI , ./data/Jabali/k4/60_4_0.82_1_7.svrp , 769.37 , 754.763 , 1.89857 , 60.408 , 135.356 , 4 , 759 , 10.37 , 10.37 , 10.37 , 769.37 , 769.37 , 0 , 5423 , 1793 , 6.75407 , 162 , 0.58972 , 0 , 0 , 2899 , 11.6068 , 258 , 1.59655 , 1
SVRP-SET-PR-SCENOPT_CUTS , ./data/Jabali/k4/60_4_0.82_1_8.svrp , 783.74 , 777.924 , 0.742141 , 0.178 , 1.725 , 4 , 778 , 5.74 , 5.74 , 6.43 , 783.74 , 783.74 , 0 , 102 , 282 , 0.051024 , 14 , 0.024535 , 20 , 0.008059 , 0 , 0 , 0 , 0 , 1
SVRP-SRI-PR-SCENOPT_CUTS , ./data/Jabali/k4/60_4_0.82_1_8.svrp , 783.74 , 783.55 , 0.0242427 , 60.148 , 60.849 , 4 , 778 , 5.74 , 5.74 , 6.43 , 783.74 , 783.74 , 0 , 1 , 276 , 3.08828 , 5 , 0.014671 , 0 , 0 , 3513 , 12.7488 , 68 , 0.016089 , 1
SVRP-SRI-PR-SCENOPT_CUTS-ProjectedSRI , ./data/Jabali/k4/60_4_0.82_1_8.svrp , 783.74 , 782.96 , 0.0994962 , 60.269 , 62.084 , 4 , 778 , 5.74 , 5.74 , 6.43 , 783.74 , 783.74 , 0 , 102 , 375 , 3.11274 , 23 , 0.062613 , 0 , 0 , 3513 , 12.9494 , 88 , 0.046759 , 1
SVRP-SET-PR-SCENOPT_CUTS , ./data/Jabali/k4/60_4_0.82_1_9.svrp , 794.84 , 772.657 , 2.79092 , 0.194 , 80.799 , 4 , 793 , 1.84 , 1.84 , 1.91 , 794.84 , 794.84 , 0 , 3559 , 2346 , 1.37359 , 178 , 0.566452 , 190 , 0.100525 , 0 , 0 , 0 , 0 , 1
SVRP-SRI-PR-SCENOPT_CUTS , ./data/Jabali/k4/60_4_0.82_1_9.svrp , 794.84 , 784.422 , 1.31066 , 60.23 , 100.499 , 4 , 793 , 1.84 , 1.84 , 1.91 , 794.84 , 794.84 , 0 , 2120 , 1379 , 7.00099 , 171 , 0.540876 , 0 , 0 , 2203 , 17.8772 , 227 , 0.63556 , 1
SVRP-SRI-PR-SCENOPT_CUTS-ProjectedSRI , ./data/Jabali/k4/60_4_0.82_1_9.svrp , 794.84 , 784.422 , 1.31066 , 60.217 , 89.313 , 4 , 793 , 1.84 , 1.84 , 1.91 , 794.84 , 794.84 , 0 , 1263 , 1117 , 6.60304 , 92 , 0.345798 , 0 , 0 , 2203 , 17.8094 , 167 , 0.407367 , 1
SVRP-SET-PR-SCENOPT_CUTS , ./data/Jabali/k4/60_4_0.85_1_0.svrp , 764.39 , 752.387 , 1.57032 , 0.092 , 18.054 , 4 , 759 , 5.39 , 5.39 , 5.48 , 764.39 , 764.39 , 0 , 1163 , 764 , 0.419788 , 134 , 0.323132 , 125 , 0.041629 , 0 , 0 , 0 , 0 , 1
SVRP-SRI-PR-SCENOPT_CUTS , ./data/Jabali/k4/60_4_0.85_1_0.svrp , 764.39 , 756.607 , 1.01824 , 60.263 , 64.487 , 4 , 759 , 5.39 , 5.39 , 5.48 , 764.39 , 764.39 , 0 , 626 , 513 , 2.15528 , 59 , 0.156257 , 0 , 0 , 952 , 52.4513 , 113 , 0.159809 , 1
SVRP-SRI-PR-SCENOPT_CUTS-ProjectedSRI , ./data/Jabali/k4/60_4_0.85_1_0.svrp , 764.39 , 757.055 , 0.959536 , 60.184 , 64.119 , 4 , 759 , 5.39 , 5.39 , 5.48 , 764.39 , 764.39 , 0 , 413 , 468 , 2.15316 , 44 , 0.144646 , 0 , 0 , 952 , 52.4863 , 107 , 0.111925 , 1
SVRP-SET-PR-SCENOPT_CUTS , ./data/Jabali/k4/60_4_0.85_1_1.svrp , 741.28 , 715.794 , 3.43817 , 0.113 , 238.453 , 4 , 730 , 11.28 , 11.28 , 14.64 , 741.28 , 741.28 , 0 , 12788 , 2403 , 5.13201 , 452 , 1.59998 , 419 , 0.321847 , 0 , 0 , 0 , 0 , 1
SVRP-SRI-PR-SCENOPT_CUTS , ./data/Jabali/k4/60_4_0.85_1_1.svrp , 741.28 , 727.523 , 1.85585 , 60.237 , 168.391 , 4 , 730 , 11.28 , 11.28 , 14.64 , 741.28 , 741.28 , 1.27638e-05 , 6772 , 1900 , 7.71102 , 310 , 1.2302 , 0 , 0 , 3116 , 2.70356 , 346 , 1.97011 , 1
SVRP-SRI-PR-SCENOPT_CUTS-ProjectedSRI , ./data/Jabali/k4/60_4_0.85_1_1.svrp , 741.28 , 727.689 , 1.83345 , 60.212 , 107.971 , 4 , 730 , 11.28 , 11.28 , 14.64 , 741.28 , 741.28 , 0 , 2192 , 1428 , 5.65249 , 135 , 0.711506 , 0 , 0 , 3106 , 2.67174 , 218 , 0.566906 , 1
SVRP-SET-PR-SCENOPT_CUTS , ./data/Jabali/k4/60_4_0.85_1_2.svrp , 801.51 , 780.878 , 2.57415 , 0.25 , 50.118 , 4 , 792 , 9.51 , 9.51 , 10.4 , 801.51 , 801.51 , 0 , 2680 , 1365 , 1.07862 , 251 , 0.975145 , 173 , 0.078214 , 0 , 0 , 0 , 0 , 1
SVRP-SRI-PR-SCENOPT_CUTS , ./data/Jabali/k4/60_4_0.85_1_2.svrp , 801.51 , 789.275 , 1.52651 , 60.24 , 97.945 , 4 , 792 , 9.51 , 9.51 , 10.4 , 801.51 , 801.51 , 0 , 2629 , 1372 , 3.79326 , 144 , 0.422278 , 0 , 0 , 3071 , 2.33042 , 204 , 0.767967 , 1
SVRP-SRI-PR-SCENOPT_CUTS-ProjectedSRI , ./data/Jabali/k4/60_4_0.85_1_2.svrp , 801.51 , 789.079 , 1.5509 , 60.343 , 79.08 , 4 , 792 , 9.51 , 9.51 , 10.4 , 801.51 , 801.51 , 0 , 1572 , 897 , 3.22368 , 35 , 0.128069 , 0 , 0 , 2988 , 2.19398 , 111 , 0.497836 , 1
SVRP-SET-PR-SCENOPT_CUTS , ./data/Jabali/k4/60_4_0.85_1_3.svrp , 778.08 , 769.177 , 1.14423 , 0.158 , 4.155 , 4 , 773 , 5.08 , 5.08 , 5.16 , 778.08 , 778.08 , 1.26977e-09 , 614 , 361 , 0.184054 , 84 , 0.201602 , 68 , 0.018863 , 0 , 0 , 0 , 0 , 1
SVRP-SRI-PR-SCENOPT_CUTS , ./data/Jabali/k4/60_4_0.85_1_3.svrp , 778.08 , 770.58 , 0.963874 , 40.876 , 43.323 , 4 , 773 , 5.08 , 5.08 , 5.16 , 778.08 , 778.08 , 0 , 567 , 335 , 1.0283 , 65 , 0.11687 , 0 , 0 , 1057 , 33.0053 , 101 , 0.158406 , 1
SVRP-SRI-PR-SCENOPT_CUTS-ProjectedSRI , ./data/Jabali/k4/60_4_0.85_1_3.svrp , 778.08 , 770.666 , 0.952852 , 42.457 , 43.995 , 4 , 773 , 5.08 , 5.08 , 5.16 , 778.08 , 778.08 , 0 , 202 , 259 , 0.901507 , 33 , 0.076325 , 0 , 0 , 1057 , 34.6389 , 77 , 0.054802 , 1
SVRP-SET-PR-SCENOPT_CUTS , ./data/Jabali/k4/60_4_0.85_1_4.svrp , 797.93 , 781.898 , 2.00919 , 0.26 , 26.096 , 4 , 789 , 8.93 , 8.93 , 10.28 , 797.93 , 797.93 , 0 , 2320 , 804 , 0.773689 , 167 , 0.494214 , 131 , 0.071854 , 0 , 0 , 0 , 0 , 1
SVRP-SRI-PR-SCENOPT_CUTS , ./data/Jabali/k4/60_4_0.85_1_4.svrp , 797.93 , 789.395 , 1.06959 , 60.324 , 90.402 , 4 , 789 , 8.93 , 8.93 , 10.28 , 797.93 , 797.93 , 0 , 1638 , 968 , 6.27728 , 174 , 0.417066 , 0 , 0 , 1830 , 30.1484 , 216 , 0.534906 , 1
SVRP-SRI-PR-SCENOPT_CUTS-ProjectedSRI , ./data/Jabali/k4/60_4_0.85_1_4.svrp , 797.93 , 789.395 , 1.06959 , 60.18 , 88.635 , 4 , 789 , 8.93 , 8.93 , 9.37 , 797.93 , 797.93 , 0 , 1258 , 807 , 6.30079 , 98 , 0.345607 , 0 , 0 , 1830 , 29.7825 , 170 , 0.416584 , 1
SVRP-SET-PR-SCENOPT_CUTS , ./data/Jabali/k4/60_4_0.85_1_5.svrp , 776.86 , 755.472 , 2.75313 , 0.094 , 130.982 , 4 , 773 , 3.86 , 3.86 , 4.04 , 776.86 , 776.86 , 0 , 9607 , 2039 , 3.25547 , 305 , 1.01167 , 295 , 0.203762 , 0 , 0 , 0 , 0 , 1
SVRP-SRI-PR-SCENOPT_CUTS , ./data/Jabali/k4/60_4_0.85_1_5.svrp , 776.86 , 760.526 , 2.10255 , 60.381 , 342.901 , 4 , 773 , 3.86 , 3.86 , 4.04 , 776.86 , 776.86 , 0 , 10516 , 3104 , 10.7266 , 518 , 1.52312 , 0 , 0 , 1369 , 37.1977 , 537 , 3.48039 , 1
SVRP-SRI-PR-SCENOPT_CUTS-ProjectedSRI , ./data/Jabali/k4/60_4_0.85_1_5.svrp , 776.86 , 760.526 , 2.10255 , 60.268 , 160.895 , 4 , 773 , 3.86 , 3.86 , 4.04 , 776.86 , 776.86 , 0 , 7297 , 1774 , 8.4916 , 145 , 0.593801 , 0 , 0 , 1369 , 34.8081 , 233 , 2.11848 , 1
SVRP-SET-PR-SCENOPT_CUTS , ./data/Jabali/k4/60_4_0.85_1_6.svrp , 696.9 , 688.427 , 1.21582 , 0.323 , 32.061 , 4 , 695 , 1.9 , 1.9 , 3.66 , 696.9 , 696.9 , 0 , 1143 , 1051 , 0.425501 , 185 , 0.592762 , 158 , 0.06936 , 0 , 0 , 0 , 0 , 1
SVRP-SRI-PR-SCENOPT_CUTS , ./data/Jabali/k4/60_4_0.85_1_6.svrp , 696.9 , 691.3 , 0.803594 , 60.352 , 69.878 , 4 , 695 , 1.9 , 1.9 , 3.66 , 696.9 , 696.9 , 0 , 552 , 786 , 2.56086 , 63 , 0.22762 , 0 , 0 , 3488 , 1.63659 , 138 , 0.161434 , 1
SVRP-SRI-PR-SCENOPT_CUTS-ProjectedSRI , ./data/Jabali/k4/60_4_0.85_1_6.svrp , 696.9 , 691.743 , 0.740045 , 60.245 , 67.845 , 4 , 695 , 1.9 , 1.9 , 3.66 , 696.9 , 696.9 , 0 , 396 , 675 , 2.50818 , 31 , 0.121579 , 0 , 0 , 3453 , 1.5883 , 117 , 0.122806 , 1
SVRP-SET-PR-SCENOPT_CUTS , ./data/Jabali/k4/60_4_0.85_1_7.svrp , 825.02 , 800.638 , 2.95534 , 0.299 , 163.762 , 4 , 815 , 10.02 , 10.02 , 10.36 , 825.02 , 825.02 , 0 , 10754 , 2175 , 4.27288 , 382 , 1.45437 , 282 , 0.244582 , 0 , 0 , 0 , 0 , 1
SVRP-SRI-PR-SCENOPT_CUTS , ./data/Jabali/k4/60_4_0.85_1_7.svrp , 825.02 , 804.823 , 2.44808 , 60.262 , 281.394 , 4 , 815 , 10.02 , 10.02 , 10.36 , 825.02 , 825.02 , 0 , 11103 , 2418 , 8.8145 , 272 , 1.04982 , 0 , 0 , 2131 , 3.97104 , 302 , 3.11654 , 1
SVRP-SRI-PR-SCENOPT_CUTS-ProjectedSRI , ./data/Jabali/k4/60_4_0.85_1_7.svrp , 825.02 , 804.92 , 2.43632 , 60.218 , 175.816 , 4 , 815 , 10.02 , 10.02 , 10.36 , 825.02 , 825.02 , 0 , 5935 , 2139 , 7.24864 , 193 , 0.740178 , 0 , 0 , 2226 , 4.43556 , 275 , 1.53182 , 1
SVRP-SET-PR-SCENOPT_CUTS , ./data/Jabali/k4/60_4_0.85_1_8.svrp , 789.32 , 767.175 , 2.80564 , 0.136 , 85.412 , 4 , 780 , 9.32 , 9.32 , 9.32 , 789.32 , 789.32 , 0 , 5272 , 1962 , 1.78466 , 312 , 0.97911 , 253 , 0.142723 , 0 , 0 , 0 , 0 , 1
SVRP-SRI-PR-SCENOPT_CUTS , ./data/Jabali/k4/60_4_0.85_1_8.svrp , 789.32 , 774.424 , 1.88722 , 60.141 , 92.99 , 4 , 780 , 9.32 , 9.32 , 9.32 , 789.32 , 789.32 , 0 , 2562 , 1234 , 3.47727 , 194 , 0.557741 , 0 , 0 , 2490 , 1.49002 , 237 , 0.720526 , 1
SVRP-SRI-PR-SCENOPT_CUTS-ProjectedSRI , ./data/Jabali/k4/60_4_0.85_1_8.svrp , 789.32 , 774.254 , 1.90878 , 60.147 , 87.452 , 4 , 780 , 9.32 , 9.32 , 9.32 , 789.32 , 789.32 , 0 , 1903 , 979 , 3.33016 , 82 , 0.308429 , 0 , 0 , 2515 , 1.55846 , 151 , 0.551613 , 1
SVRP-SET-PR-SCENOPT_CUTS , ./data/Jabali/k4/60_4_0.85_1_9.svrp , 742.4 , 726.235 , 2.1774 , 0.084 , 11.305 , 4 , 737 , 5.4 , 5.4 , 5.49 , 742.4 , 742.4 , 0 , 1483 , 649 , 0.536729 , 79 , 0.21318 , 73 , 0.03662 , 0 , 0 , 0 , 0 , 1
SVRP-SRI-PR-SCENOPT_CUTS , ./data/Jabali/k4/60_4_0.85_1_9.svrp , 742.4 , 734.968 , 1.00104 , 60.17 , 67.146 , 4 , 737 , 5.4 , 5.4 , 5.49 , 742.4 , 742.4 , 0 , 767 , 490 , 4.54312 , 29 , 0.190901 , 0 , 0 , 3093 , 21.677 , 79 , 0.211192 , 1
SVRP-SRI-PR-SCENOPT_CUTS-ProjectedSRI , ./data/Jabali/k4/60_4_0.85_1_9.svrp , 742.4 , 734.968 , 1.00104 , 60.118 , 69.547 , 4 , 737 , 5.4 , 5.4 , 5.49 , 742.4 , 742.4 , 0 , 924 , 583 , 4.61714 , 34 , 0.181488 , 0 , 0 , 3093 , 21.5701 , 91 , 0.259166 , 1
